disasterNumber,disaster_label,stateAbbreviation,county,named_projectAmount,distributed_statewide_amt,adjusted_projectAmount,named_totalObligated,distributed_statewide_obl,adjusted_totalObligated
4332,Harvey – Texas,TX,Aransas County,87868917.29,32348683.427052267,120217600.71705228,79157600.14,30575950.43353165,109733550.57353166
4332,Harvey – Texas,TX,Austin County,1097017.39,403863.7251664391,1500881.115166439,990321.72,381731.6791404185,1372053.3991404185
4332,Harvey – Texas,TX,Bastrop County,3295317.54,1213161.4589178995,4508478.9989179,2982387.43,1146679.2680880595,4129066.6980880597
4332,Harvey – Texas,TX,Bee County,1040129.79,382920.7225657435,1423050.5125657436,951678.62,361936.3693593507,1313614.9893593506
4332,Harvey – Texas,TX,Brazoria County,30919323.2,11382857.884483585,42302181.084483586,28830916.05,10759068.425543644,39589984.47554365
4332,Harvey – Texas,TX,Burleson County,183895.54,67700.60210795193,251596.14210795192,166098.18,63990.55649485557,230088.73649485555
4332,Harvey – Texas,TX,Caldwell County,1553020.05,571739.7630781127,2124759.813078113,1398880.67,540407.9796996078,1939288.6496996079
4332,Harvey – Texas,TX,Calhoun County,20678820.02,7612846.762003964,28291666.78200396,18702943.97,7195656.842666007,25898600.812666006
4332,Harvey – Texas,TX,Chambers County,4031917.29,1484338.490114887,5516255.780114887,3704339.29,1402995.587213969,5107334.877213969
4332,Harvey – Texas,TX,Colorado County,2612732.17,961869.6628304078,3574601.8328304077,2354131.38,909158.457732643,3263289.837732643
4332,Harvey – Texas,TX,Comal County,371131.09,136630.8190725044,507761.90907250444,336817.18,129143.3439965011,465960.5239965011
4332,Harvey – Texas,TX,Dallas County,2890017.3200000003,1063951.3751470514,3953968.6951470515,2786907.95,1005646.0128754134,3792553.9628754137
4332,Harvey – Texas,TX,DeWitt County,1621351.0899999999,596895.6344530386,2218246.7244530385,1488265.49,564185.2897717946,2052450.7797717946
4332,Harvey – Texas,TX,Fayette County,1506966.96,554785.4534633624,2061752.4134633625,1404391.9400000002,524382.7794288037,1928774.7194288038
4332,Harvey – Texas,TX,Fort Bend County,50316561.769999996,18523894.20554166,68840455.97554165,46633426.49,17508770.40612336,64142196.896123365
4332,Harvey – Texas,TX,Galveston County,167787323.57,61770409.612820156,229557733.18282014,152059750.97,58385343.15746155,210445094.12746155
4332,Harvey – Texas,TX,Goliad County,299495.22,110258.28425449319,409753.50425449316,278563.07,104216.04458351298,382779.114583513
4332,Harvey – Texas,TX,Gonzales County,1381320.2000000002,508528.9683690892,1889849.1683690893,1246460.52,480661.1856686965,1727121.7056686964
4332,Harvey – Texas,TX,Grimes County,675710.6100000001,248760.87341613334,924471.4834161334,608576.46,235128.5842135069,843705.0442135069
4332,Harvey – Texas,TX,Guadalupe County,750404.5,276259.2093017406,1026663.7093017406,681988.13,261119.98992060297,943108.119920603
4332,Harvey – Texas,TX,Hardin County,60248671.050000004,22180371.020900954,82429042.07090096,54545994.12,20964869.450150855,75510863.57015085
4332,Harvey – Texas,TX,Harris County,1360861066.86,500996998.6857311,1861858065.545731,1241174766.6100001,473541973.7779081,1714716740.3879082
4332,Harvey – Texas,TX,Jackson County,2127351.4,783178.1601402322,2910529.560140232,1933954.1199999999,740259.3882707002,2674213.5082707
4332,Harvey – Texas,TX,Jasper County,2836345.24,1044192.1567756532,3880537.3967756536,2576628.43,986969.6150278288,3563598.045027829
4332,Harvey – Texas,TX,Jefferson County,159914084.66,58871899.86784887,218785984.52784887,146025333.66,55645673.99926526,201671007.65926525
4332,Harvey – Texas,TX,Jim Wells County,135235.05,49786.38585307171,185021.43585307169,135235.05,47058.05321384965,182293.10321384965
4332,Harvey – Texas,TX,Karnes County,137135.47,50486.01988583832,187621.48988583832,128924.14000000001,47719.34675785813,176643.48675785813
4332,Harvey – Texas,TX,Kleberg County,100965.12,37170.011931238885,138135.13193123887,100736.06,35133.06638850443,135869.12638850443
4332,Harvey – Texas,TX,Lavaca County,271992.33,100133.17620288538,372125.5062028854,250701.55,94645.80032246785,345347.35032246786
4332,Harvey – Texas,TX,Lee County,166029.28,61123.19104394669,227152.4710439467,151195.65,57773.59266918705,208969.24266918705
4332,Harvey – Texas,TX,Liberty County,5540577.91,2039747.4595252166,7580325.3695252165,5054890.87,1927967.7134312436,6982858.583431244
4332,Harvey – Texas,TX,Madison County,214721.86,79049.22113793166,293771.0811379317,193628.05000000002,74717.26238173294,268345.312381733
4332,Harvey – Texas,TX,Matagorda County,9276705.55,3415191.860080888,12691897.41008089,8418759.74,3228036.6918274104,11646796.431827411
4332,Harvey – Texas,TX,Milam County,2652986.95,976689.3416748386,3629676.291674839,2387688.25,923166.0066583973,3310854.256658397
4332,Harvey – Texas,TX,Montgomery County,25775254.2,9489084.01381304,35264338.21381304,23566327.96,8969074.834845712,32535402.794845715
4332,Harvey – Texas,TX,Newton County,4275383.55,1573969.877558928,5849353.427558928,3856288.27,1487715.1049636719,5344003.374963672
4332,Harvey – Texas,TX,Nueces County,203559043.85,74939663.20860195,278498707.058602,183756717.09,70832911.42091976,254589628.51091975
4332,Harvey – Texas,TX,Orange County,130845888.39999999,48170528.92109228,179016417.32109228,118900793.9,45530746.49760275,164431540.39760277
4332,Harvey – Texas,TX,Polk County,874855.37,322075.43101031735,1196930.8010103174,794719.48,304425.44707072707,1099144.927070727
4332,Harvey – Texas,TX,Refugio County,32838004.04,12089214.591780515,44927218.63178051,30448855.66,11426716.236293253,41875571.89629325
4332,Harvey – Texas,TX,Sabine County,740836.95,272736.94391293376,1013573.8939129338,673041.58,257790.74741264246,930832.3274126424
4332,Harvey – Texas,TX,San Augustine County,383611.35,141225.39007984794,524836.7400798479,346701.55,133486.128941696,480187.67894169595
4332,Harvey – Texas,TX,San Jacinto County,1781300.28,655780.4582485434,2437080.7382485433,1639654.3499999999,619843.1794574357,2259497.5294574355
4332,Harvey – Texas,TX,San Patricio County,41722419.17,15359985.887691217,57082405.05769122,37771824.04,14518246.723112099,52290070.7631121
4332,Harvey – Texas,TX,Travis County,499539.64,183904.04903125734,683443.6890312573,499539.64,173825.96421229036,673365.6042122904
4332,Harvey – Texas,TX,Tyler County,802270.05,295353.3589676873,1097623.4089676873,730353.28,279167.765344693,1009521.045344693
4332,Harvey – Texas,TX,Victoria County,26774485.3,9856948.003961965,36631433.30396196,24260021.95,9316779.592426928,33576801.54242693
4332,Harvey – Texas,TX,Walker County,4143989.72,1525597.6255496086,5669587.345549609,3785431.5,1441993.689959858,5227425.189959858
4332,Harvey – Texas,TX,Waller County,2456059.08,904190.925613,3360250.005613,2258831.84,854640.5601432368,3113472.400143237
4332,Harvey – Texas,TX,Washington County,508232.95999999996,187104.46921717972,695337.4292171797,470978.31999999995,176850.99888462585,647829.3188846258
4332,Harvey – Texas,TX,Wharton County,7209336.27,2654095.940976579,9863432.210976578,6594400.01,2508649.420621328,9103049.430621328
4335,Irma – US Virgin Islands,VI,St. Croix,41502.5,738779.5390012825,780282.0390012825,41502.49,735259.3893720609,776761.8793720609
4335,Irma – US Virgin Islands,VI,St. John,9329.33,166069.95040276696,175399.28040276695,9284.91,165278.65740739592,174563.56740739592
4335,Irma – US Virgin Islands,VI,St. Thomas,3514789.37,62566218.190595955,66081007.56059595,3366329.6,62268101.58322055,65634431.18322055
4336,Irma – Puerto Rico,PR,Aguas Buenas,225201.22999999998,130736.18071808058,355937.4107180806,185211.93999999997,104078.08121936521,289290.0212193652
4336,Irma – Puerto Rico,PR,Camuy,83107.16,48246.240434505795,131353.4004345058,66775.62,38408.46583471494,105184.08583471493
4336,Irma – Puerto Rico,PR,Canovanas,70449.67000000001,40898.18154478616,111347.85154478617,59611.259999999995,32558.731922278927,92169.99192227892
4336,Irma – Puerto Rico,PR,Catano,63516.14,36873.05596667881,100389.19596667882,51260.85,29354.35999910201,80615.20999910201
4336,Irma – Puerto Rico,PR,Ciales,84351.01000000001,48968.33328624637,133319.34328624638,63263.27,38983.31847350696,102246.58847350696
4336,Irma – Puerto Rico,PR,Comerio,77362.95999999999,44911.55718574734,122274.51718574733,65513.369999999995,35753.74980967245,101267.11980967244
4336,Irma – Puerto Rico,PR,Culebra,50681.82,29422.341870163105,80104.16187016311,41154.520000000004,23422.903055659368,64577.42305565937
4336,Irma – Puerto Rico,PR,Guaynabo,688368.4,399618.84552325046,1087987.2455232504,573584.24,318133.52992807585,891717.7699280758
4336,Irma – Puerto Rico,PR,Gurabo,331740.80000000005,192585.64964481164,524326.4496448117,272997.78,153315.97401211885,426313.7540121189
4336,Irma – Puerto Rico,PR,Hatillo,17479.48,10147.371113994695,27626.851113994693,13606.93,8078.245128200543,21685.175128200543
4336,Irma – Puerto Rico,PR,Jayuya,112697.84,65424.53243606765,178122.37243606764,85011.34999999999,52083.973718824825,137095.32371882483
4336,Irma – Puerto Rico,PR,Juncos,187628.84,108924.26268792506,296553.10268792504,152416.51,86713.77882179098,239130.288821791
4336,Irma – Puerto Rico,PR,Las Piedras,149553.66999999998,86820.4655372983,236374.13553729828,126545.40999999999,69117.11367168883,195662.5236716888
4336,Irma – Puerto Rico,PR,Loiza,182654.84000000003,106036.70402365076,288691.5440236508,154855.85,84415.01528490835,239270.86528490836
4336,Irma – Puerto Rico,PR,Luquillo,283645.98,164665.14015592667,448311.1201559267,222734.49,131088.66831671586,353823.15831671585
4336,Irma – Puerto Rico,PR,Naguabo,250826.69,145612.54160449293,396439.23160449293,199503.37,115921.03921370475,315424.40921370476
4336,Irma – Puerto Rico,PR,Orocovis,83736.05,48611.33025524875,132347.38025524875,63006.89,38699.111070080864,101706.00107008086
4336,Irma – Puerto Rico,PR,Patillas,65354.8,37940.45416001509,103295.25416001509,54226.49,30204.107599569375,84430.59759956937
4336,Irma – Puerto Rico,PR,Quebradillas,51467.33,29878.35437647073,81345.68437647073,44071.07,23785.931150926095,67857.0011509261
4336,Irma – Puerto Rico,PR,Salinas,23714.75,13767.135471169948,37481.885471169946,18068.38,10959.912059969394,29028.292059969397
4336,Irma – Puerto Rico,PR,San Juan,3790003.08,2200212.3504785565,5990215.430478556,2952395.13,1751572.3532321928,4703967.483232193
4336,Irma – Puerto Rico,PR,Utuado,40005.52,23224.42418472043,63229.94418472043,30004.14,18488.787826704764,48492.92782670476
4336,Irma – Puerto Rico,PR,Vega Baja,149468.94,86771.27718876112,236240.2171887611,128203.26,69077.9552007439,197281.2152007439
4336,Irma – Puerto Rico,PR,Vieques,92342.85,53607.84008871803,145950.69008871802,72397.82,42676.794626422154,115074.61462642216
4336,Irma – Puerto Rico,PR,Yauco,190394.53,110529.83006271333,300924.3600627133,142795.9,87991.9588230618,230787.8588230618
4337,Irma – Florida,FL,Alachua County,17603450.62,3729491.354608072,21332941.97460807,16106684.23,3517319.707385829,19624003.93738583
4337,Irma – Florida,FL,Baker County,1367164.07,289649.26760454563,1656813.3376045458,1263911.3599999999,273171.0521105105,1537082.4121105103
4337,Irma – Florida,FL,Bay County,72764.98,15416.089134246637,88181.06913424663,71990.06,14539.064169087076,86529.12416908707
4337,Irma – Florida,FL,Bradford County,1311353.71,277825.20767387026,1589178.9176738702,1204159.13,262019.66575212972,1466178.7957521295
4337,Irma – Florida,FL,Brevard County,52691874.0,11163373.180814354,63855247.180814356,48561672.02,10528286.234332105,59089958.25433211
4337,Irma – Florida,FL,Broward County,196759626.04,41685766.051934265,238445392.09193426,181817994.95,39314252.93982265,221132247.88982263
4337,Irma – Florida,FL,Calhoun County,59431.1,12591.15490647184,72022.25490647183,58519.31,11874.841119167915,70394.15111916792
4337,Irma – Florida,FL,Charlotte County,47444144.41,10051581.943987744,57495726.35398774,42904535.13,9479745.064513505,52384280.19451351
4337,Irma – Florida,FL,Citrus County,3665212.25,776516.9280872841,4441729.178087284,3387691.4299999997,732340.6959786703,4120032.12597867
4337,Irma – Florida,FL,Clay County,29750558.169999998,6302994.332470228,36053552.502470225,27148791.65,5944415.490800489,33093207.140800487
4337,Irma – Florida,FL,Collier County,131375031.89999999,27833295.656576768,159208327.55657676,120848454.13,26249852.86892076,147098306.99892074
4337,Irma – Florida,FL,Columbia County,960884.64,203574.34658771972,1164458.9865877198,898117.44,191992.95375399175,1090110.3937539917
4337,Irma – Florida,FL,DeSoto County,5434632.7299999995,1151388.7941366043,6586021.524136604,4944564.3100000005,1085886.0127068113,6030450.322706812
4337,Irma – Florida,FL,Dixie County,403308.97,85445.59525971426,488754.56525971426,379274.23,80584.57509090794,459858.8050909079
4337,Irma – Florida,FL,Duval County,100080763.97,21203248.84285022,121284012.81285022,91921623.4,19996990.990048893,111918614.39004889
4337,Irma – Florida,FL,Flagler County,9203834.08,1949936.9965345543,11153771.076534554,8506209.57,1839004.6185782023,10345214.188578203
4337,Irma – Florida,FL,Franklin County,51937.62,11003.5758869257,62941.19588692571,51937.62,10377.579846371982,62315.19984637199
4337,Irma – Florida,FL,Gadsden County,514963.26,109100.82730761729,624064.0873076173,480293.23,102894.05538024298,583187.285380243
4337,Irma – Florida,FL,Gilchrist County,259384.15,54953.48416794452,314337.63416794455,245538.72,51827.16742716218,297365.8874271622
4337,Irma – Florida,FL,Glades County,1287009.54,272667.61820405594,1559677.1582040559,1177141.81,257155.49276983575,1434297.3027698358
4337,Irma – Florida,FL,Gulf County,122311.90000000001,25913.168018173874,148225.0680181739,115095.15000000001,24438.961747023935,139534.11174702394
4337,Irma – Florida,FL,Hamilton County,706982.36,149782.25896715763,856764.6189671576,651813.24,141261.11074932778,793074.3507493278
4337,Irma – Florida,FL,Hardee County,8823712.46,1869403.9052621562,10693116.365262156,8051390.38,1763053.073958286,9814443.453958286
4337,Irma – Florida,FL,Hendry County,7146294.859999999,1514023.89640413,8660318.75640413,6522689.42,1427890.718045372,7950580.138045372
4337,Irma – Florida,FL,Hernando County,3792421.43,803467.6406082582,4595889.070608258,3533414.3,757758.176075785,4291172.476075785
4337,Irma – Florida,FL,Highlands County,16524277.190000001,3500856.1816417538,20025133.371641755,15009764.370000001,3301691.64360647,18311456.01360647
4337,Irma – Florida,FL,Hillsborough County,37986975.04,8047972.983116909,46034948.02311691,35453158.89,7590121.892372802,43043280.7823728
4337,Irma – Florida,FL,Holmes County,25238.160000000003,5346.991425605809,30585.151425605814,25238.160000000003,5042.799815923632,30280.959815923634
4337,Irma – Florida,FL,Indian River County,11920241.6,2525438.8444462535,14445680.444446253,10987673.68,2381766.029942167,13369439.709942166
4337,Irma – Florida,FL,Jackson County,57860.86,12258.481691937053,70119.34169193705,52811.74,11561.093762666651,64372.83376266665
4337,Irma – Florida,FL,Jefferson County,207991.73,44065.41510581272,252057.14510581273,199783.29,41558.52319494121,241341.8131949412
4337,Irma – Florida,FL,Lafayette County,122543.90000000001,25962.3198585117,148506.2198585117,116891.64,24485.317327513727,141376.95732751372
4337,Irma – Florida,FL,Lake County,19443466.8,4119319.723135569,23562786.52313557,17737933.78,3884970.6476207944,21622904.427620795
4337,Irma – Florida,FL,Lee County,140504877.98,29767557.45327117,170272435.43327117,128520103.41,28074074.053493448,156594177.46349344
4337,Irma – Florida,FL,Leon County,5821997.12,1233456.3486617769,7055453.468661777,5413133.96,1163284.7246013144,6576418.684601314
4337,Irma – Florida,FL,Levy County,2834355.13,600490.391424408,3434845.521424408,2614770.75,566328.3507128174,3181099.100712817
4337,Irma – Florida,FL,Liberty County,45431.12,9625.09981296848,55056.219812968484,44802.41,9077.525603023532,53879.935603023536
4337,Irma – Florida,FL,Madison County,1442224.33,305551.637928838,1747775.967928838,1308888.75,288168.73281747097,1597057.482817471
4337,Irma – Florida,FL,Manatee County,23947236.63,5073494.617973867,29020731.247973867,22170825.34,4784862.306509018,26955687.646509018
4337,Irma – Florida,FL,Marion County,37108018.97,7861756.136493613,44969775.106493615,33824935.91,7414498.966295743,41239434.87629574
4337,Irma – Florida,FL,Martin County,19873983.91,4210529.672503772,24084513.582503773,18002139.17,3970991.6413485454,21973130.811348546
4337,Irma – Florida,FL,Miami-Dade County,480753482.93,101853096.701853,582606579.631853,440768190.08,96058649.88668145,536826839.9666814
4337,Irma – Florida,FL,Monroe County,164713084.26,34896341.461632185,199609425.72163218,151497004.64000002,32911080.323864397,184408084.96386442
4337,Irma – Florida,FL,Nassau County,10706568.22,2268308.326359911,12974876.546359912,9849494.06,2139263.727981351,11988757.787981352
4337,Irma – Florida,FL,Okaloosa County,23244.5,4924.611865226871,28169.11186522687,23244.5,4644.449528857763,27888.949528857764
4337,Irma – Florida,FL,Okeechobee County,3205491.27,679119.8064971564,3884611.076497156,2918966.18,640484.5197233398,3559450.69972334
4337,Irma – Florida,FL,Orange County,83587438.39,17708950.112040013,101296388.50204001,76059403.85,16701483.74234175,92760887.59234175
4337,Irma – Florida,FL,Osceola County,13545396.870000001,2869746.483908405,16415143.353908407,12554164.9,2706485.9261787916,15260650.826178793
4337,Irma – Florida,FL,Palm Beach County,120857986.71000001,25605139.941039708,146463126.65103972,111622930.24000001,24148457.46021456,135771387.70021456
4337,Irma – Florida,FL,Pasco County,16912677.52,3583143.2118457174,20495820.731845718,15693328.299999999,3379297.345156372,19072625.645156372
4337,Irma – Florida,FL,Pinellas County,51251027.81,10858113.517528808,62109141.32752881,48136037.4,10240392.865651257,58376430.265651256
4337,Irma – Florida,FL,Polk County,74513253.66,15786480.805811936,90299734.46581194,67968789.96,14888384.1706574,82857174.13065739
4337,Irma – Florida,FL,Putnam County,12498822.47,2648017.7864495357,15146840.256449535,11335269.69,2497371.426878114,13832641.116878115
4337,Irma – Florida,FL,Santa Rosa County,3947.44,836.3100888929064,4783.750088892906,3947.44,788.7322096923698,4736.1722096923695
4337,Irma – Florida,FL,Sarasota County,20013596.919999998,4240108.277575338,24253705.19757534,18725475.55,3998887.51256612,22724363.06256612
4337,Irma – Florida,FL,Seminole County,34280075.02,7262624.02651635,41542699.04651635,31658012.92,6849451.6240765685,38507464.54407657
4337,Irma – Florida,FL,St. Johns County,32372246.39,6858428.818698692,39230675.20869869,29490217.080000002,6468251.177444252,35958468.257444255
4337,Irma – Florida,FL,St. Lucie County,15620024.72,3309280.0047860374,18929304.72478604,14370816.96,3121014.280864317,17491831.240864318
4337,Irma – Florida,FL,Sumter County,30018339.57,6359726.869617814,36378066.43961781,27539812.22,5997920.500461564,33537732.720461562
4337,Irma – Florida,FL,Suwannee County,3037588.97,643547.7933852857,3681136.7633852856,2769131.02,606936.2068695837,3376067.2268695836
4337,Irma – Florida,FL,Taylor County,387409.51,82077.11371067255,469486.62371067255,355870.66,77407.72725567411,433278.3872556741
4337,Irma – Florida,FL,Union County,235250.21,49840.434316208695,285090.64431620867,215658.92,47005.00019351631,262663.9201935163
4337,Irma – Florida,FL,Volusia County,51124845.589999996,10831380.378171423,61956225.96817142,46674915.85,10215180.58092888,56890096.430928886
4337,Irma – Florida,FL,Wakulla County,105931.02,22442.692163203556,128373.71216320356,102768.42,21165.922086103048,123934.34208610305
4337,Irma – Florida,FL,Walton County,68774.42,14570.643582615081,83345.06358261508,68774.42,13741.716215296776,82516.13621529678
4337,Irma – Florida,FL,Washington County,34054.22,7214.774070126105,41268.99407012611,33315.0,6804.323863047974,40119.323863047975
4338,Irma – Georgia,GA,Appling County,473086.82,72474.03120345918,545560.8512034592,374464.11,63333.678653604424,437797.7886536044
4338,Irma – Georgia,GA,Atkinson County,89187.37,13662.964096810936,102850.33409681093,70801.90000000001,11939.804688577286,82741.7046885773
4338,Irma – Georgia,GA,Bacon County,3487370.1599999997,534243.9550394838,4021614.1150394836,2619088.98,466865.6401368548,3085954.6201368547
4338,Irma – Georgia,GA,Baker County,55648.200000000004,8524.966692617514,64173.16669261752,43749.59,7449.806393785204,51199.3963937852
4338,Irma – Georgia,GA,Baldwin County,493935.05,75667.8535795653,569602.9035795652,409430.86,66124.69933626988,475555.55933626986
4338,Irma – Georgia,GA,Banks County,1404406.89,215146.61678423642,1619553.5067842363,1057679.78,188012.54000305475,1245692.3200030548
4338,Irma – Georgia,GA,Barrow County,175899.62,26946.754823050473,202846.37482305046,147352.17,23548.25697399714,170900.42697399715
4338,Irma – Georgia,GA,Ben Hill County,393797.26,60327.351561129355,454124.61156112934,312400.25,52718.926136031245,365119.1761360312
4338,Irma – Georgia,GA,Berrien County,154323.92,23641.488455586517,177965.40845558653,129659.9,20659.84750504053,150319.74750504052
4338,Irma – Georgia,GA,Bibb County,3091086.9899999998,473535.77714523237,3564622.7671452323,2421797.06,413813.91710510413,2835610.9771051044
4338,Irma – Georgia,GA,Bleckley County,105738.87,16198.553499754047,121937.42349975405,85859.7,14155.608084315798,100015.3080843158
4338,Irma – Georgia,GA,Brantley County,2685544.27,411409.0923569821,3096953.362356982,2023911.75,359522.5878543999,2383434.3378544
4338,Irma – Georgia,GA,Brooks County,459609.0,70409.31093237952,530018.3109323796,372461.33999999997,61529.358844333205,433990.6988443332
4338,Irma – Georgia,GA,Bryan County,513017.87999999995,78591.22738412468,591609.1073841247,404430.97000000003,68679.38015156158,473110.3501515616
4338,Irma – Georgia,GA,Bulloch County,1377902.6600000001,211086.32951594258,1588988.9895159428,1074168.73,184464.33211643217,1258633.0621164322
4338,Irma – Georgia,GA,Burke County,24498.93,3753.0874719176536,28252.017471917654,18374.2,3279.7518222493472,21653.95182224935
4338,Irma – Georgia,GA,Butts County,1787785.63,273877.9142773749,2061663.5442773749,1356689.1,239336.70481868787,1596025.804818688
4338,Irma – Georgia,GA,Camden County,3436165.47,526399.7071257004,3962565.1771257007,2621660.86,460010.70094827755,3081671.5609482774
4338,Irma – Georgia,GA,Candler County,1789507.81,274141.74180708284,2063649.551807083,1352926.93,239567.25868341755,1592494.1886834174
4338,Irma – Georgia,GA,Carroll County,338142.35000000003,51801.35693721295,389943.70693721296,263912.44,45268.22145261759,309180.6614526176
4338,Irma – Georgia,GA,Charlton County,769794.72,117927.88173117593,887722.6017311759,587051.3,103054.93487584667,690106.2348758467
4338,Irma – Georgia,GA,Chatham County,7727667.12,1183831.7287825213,8911498.84878252,6010081.0200000005,1034528.0515743489,7044609.071574349
4338,Irma – Georgia,GA,Chattahoochee County,21907.0,3356.019517885068,25263.01951788507,16430.25,2932.7616826537505,19363.01168265375
4338,Irma – Georgia,GA,Cherokee County,97459.6,14930.219555633888,112389.81955563389,80596.70999999999,13047.23515254309,93643.94515254308
4338,Irma – Georgia,GA,Clarke County,529033.51,81044.72475351465,610078.2347535146,430239.91000000003,70823.44487916281,501063.35487916286
4338,Irma – Georgia,GA,Clay County,24470.74,3748.7689349107986,28219.508934910802,19113.61,3275.9779348236843,22389.587934823685
4338,Irma – Georgia,GA,Clayton County,457507.75,70087.41217801078,527595.1621780108,383104.88,61248.057639892795,444352.9376398928
4338,Irma – Georgia,GA,Clinch County,512338.42,78487.13823355081,590825.5582335507,390278.69,68588.4186208684,458867.1086208684
4338,Irma – Georgia,GA,Cobb County,33657.83,5156.175396432994,38814.00539643299,26750.72,4505.8836967760935,31256.603696776096
4338,Irma – Georgia,GA,Coffee County,606348.67,92888.93829203691,699237.6082920369,482414.87,81173.87801634472,563588.7480163447
4338,Irma – Georgia,GA,Colquitt County,1812865.5999999999,277720.01355285634,2090585.6135528563,1386234.1500000001,242694.24236459125,1628928.3923645914
4338,Irma – Georgia,GA,Columbia County,294903.33999999997,45177.40288170431,340080.7428817043,241944.43,39479.67387769256,281424.10387769254
4338,Irma – Georgia,GA,Cook County,499749.62,76558.61043390907,576308.2304339091,410074.11,66903.11482433799,476977.224824338
4338,Irma – Georgia,GA,Coweta County,1475837.52,226089.35602077394,1701926.876020774,1127800.03,197575.19187833744,1325375.2218783374
4338,Irma – Georgia,GA,Crawford County,17670.24,2706.973584959759,20377.21358495976,14744.71,2365.572775610335,17110.282775610336
4338,Irma – Georgia,GA,Crisp County,567558.1799999999,86946.47051697296,654504.6505169729,439981.23,75980.86835170037,515962.09835170035
4338,Irma – Georgia,GA,Dawson County,77233.65000000001,11831.726700940528,89065.37670094054,65550.79000000001,10339.521127105074,75890.31112710509
4338,Irma – Georgia,GA,DeKalb County,4374557.569999999,670155.6848053989,5044713.254805398,3464312.65,585636.3180654084,4049948.968065408
4338,Irma – Georgia,GA,Decatur County,252832.78,38732.448278684504,291565.2282786845,204689.33,33847.55052279296,238536.88052279296
4338,Irma – Georgia,GA,Dodge County,414924.45999999996,63563.91044907665,478488.37044907664,311193.35,55547.293444278024,366740.643444278
4338,Irma – Georgia,GA,Dooly County,435617.47000000003,66733.95406270659,502351.42406270665,327373.26000000007,58317.53431828045,385690.79431828053
4338,Irma – Georgia,GA,Dougherty County,868306.3,133019.25824177513,1001325.5582417751,698664.25,116243.00202888814,814907.2520288881
4338,Irma – Georgia,GA,Douglas County,17909.86,2743.6819154877007,20653.5419154877,13432.39,2397.6514880948143,15830.041488094814
4338,Irma – Georgia,GA,Early County,67617.65999999999,10358.615361013211,77976.2753610132,55486.46,9052.19712049615,64538.65712049615
4338,Irma – Georgia,GA,Echols County,144262.91,22100.202751033776,166363.11275103377,110570.61,19312.947216694505,129883.5572166945
4338,Irma – Georgia,GA,Effingham County,352354.03,53978.50010889035,406332.5301088904,273540.28,47170.78549836263,320711.06549836264
4338,Irma – Georgia,GA,Elbert County,55462.92,8496.582920477385,63959.50292047738,47143.48,7425.002354685276,54568.48235468528
4338,Irma – Georgia,GA,Emanuel County,608283.65,93185.36549095584,701469.0154909559,469291.02,81432.92011251039,550723.9401125105
4338,Irma – Georgia,GA,Evans County,259828.81,39804.19763860186,299633.0076386019,200268.25,34784.13192210351,235052.38192210352
4338,Irma – Georgia,GA,Fayette County,300427.20999999996,46023.62625935801,346450.836259358,253582.47999999998,40219.1724067454,293801.65240674536
4338,Irma – Georgia,GA,Forsyth County,2296456.62,351803.22448059404,2648259.844480594,1738855.5999999999,307434.15260019834,2046289.7526001981
4338,Irma – Georgia,GA,Franklin County,117303.1,17970.12339016862,135273.22339016863,91723.3,15703.749346624421,107427.04934662442
4338,Irma – Georgia,GA,Fulton County,3450697.5,528625.9259742188,3979323.4259742186,2728088.0,461956.1512954348,3190044.1512954347
4338,Irma – Georgia,GA,Gilmer County,41271.92,6322.607799360529,47594.52779936053,33299.05,5525.206808123019,38824.25680812302
4338,Irma – Georgia,GA,Glascock County,21661.85,3318.4640249006557,24980.314024900654,18412.57,2899.9426509970854,21312.512650997087
4338,Irma – Georgia,GA,Glynn County,18700468.97,2864798.414065097,21565267.384065095,14131808.620000001,2503492.894639679,16635301.51463968
4338,Irma – Georgia,GA,Gordon County,43149.06,6610.174261121736,49759.23426112173,36471.23,5776.505674466045,42247.73567446605
4338,Irma – Georgia,GA,Grady County,470500.39,72077.80581606503,542578.1958160651,364069.62,62987.424816982966,427057.04481698293
4338,Irma – Georgia,GA,Greene County,138180.38,21168.396050065072,159348.77605006506,111820.17,18498.659047726054,130318.82904772606
4338,Irma – Georgia,GA,Gwinnett County,2626266.89,402328.15730201843,3028595.0473020184,2153618.99,351586.93127375876,2505205.921273759
4338,Irma – Georgia,GA,Habersham County,4045463.93,619740.535353085,4665204.465353085,3093884.75,541579.4769919137,3635464.2269919137
4338,Irma – Georgia,GA,Hall County,1102447.2,168888.22388450007,1271335.4238845,923311.1799999999,147588.20949052428,1070899.3894905243
4338,Irma – Georgia,GA,Hancock County,98728.84,15124.659424757021,113853.49942475701,81908.02,13217.152459252884,95125.17245925289
4338,Irma – Georgia,GA,Haralson County,283073.33,43365.117107441496,326438.4471074415,213275.75999999998,37895.9517782079,251171.7117782079
4338,Irma – Georgia,GA,Harris County,82596.36,12653.261344148515,95249.62134414852,70206.90000000001,11057.444640282783,81264.3446402828
4338,Irma – Georgia,GA,Hart County,1099847.49,168489.96408165892,1268337.454081659,839256.2000000001,147240.17781690345,986496.3778169035
4338,Irma – Georgia,GA,Henry County,321351.56,49229.109757740196,370580.6697577402,255893.2,43020.38352257304,298913.58352257306
4338,Irma – Georgia,GA,Houston County,1028219.97,157517.06249140453,1185737.0324914046,840970.58,137651.1676338791,978621.7476338791
4338,Irma – Georgia,GA,Irwin County,884323.6,135473.01144503528,1019796.6114450353,669517.95,118387.29032484695,787905.2403248469
4338,Irma – Georgia,GA,Jackson County,4704090.25,720638.0925226115,5424728.342522612,3550100.1,629751.9348584973,4179852.0348584973
4338,Irma – Georgia,GA,Jasper County,308618.8,47278.52815932206,355897.32815932203,240362.46000000002,41315.80733037757,281678.2673303776
4338,Irma – Georgia,GA,Jefferson County,724474.06,110985.0315224101,835459.0915224102,554472.5099999999,96987.71001253455,651460.2200125344
4338,Irma – Georgia,GA,Jenkins County,347149.49,53181.19615026463,400330.68615026464,265139.6,46474.036719988646,311613.6367199886
4338,Irma – Georgia,GA,Johnson County,40034.41,6133.028773771543,46167.438773771544,34029.25,5359.537300207703,39388.7873002077
4338,Irma – Georgia,GA,Jones County,1406774.05,215509.2513376649,1622283.301337665,1061970.53,188329.43944819606,1250299.969448196
4338,Irma – Georgia,GA,Lamar County,169119.88,25908.13977917472,195028.01977917473,132082.51,22640.631023828017,154723.14102382804
4338,Irma – Georgia,GA,Lanier County,59334.32,9089.657917580607,68423.9779175806,48607.51,7943.279324522576,56550.78932452258
4338,Irma – Georgia,GA,Laurens County,1302715.74,199568.14943607475,1502283.8894360748,1031195.44,174398.81342319466,1205594.2534231946
4338,Irma – Georgia,GA,Lee County,105650.76000000001,16185.055582206192,121835.8155822062,86959.27,14143.812510669995,101103.08251067
4338,Irma – Georgia,GA,Liberty County,1044585.4,160024.14709899947,1204609.5470989994,802555.29,139842.0612306359,942397.351230636
4338,Irma – Georgia,GA,Lincoln County,13321.53,2040.7775910937817,15362.307591093782,11323.3,1783.3967562113671,13106.696756211366
4338,Irma – Georgia,GA,Long County,102627.86,15721.965638324566,118349.82563832456,81587.47,13739.12700875307,95326.59700875307
4338,Irma – Georgia,GA,Lowndes County,1763725.45,270192.0406441149,2033917.4906441148,1443039.22,236115.6898927851,1679154.9098927851
4338,Irma – Georgia,GA,Lumpkin County,1311494.7799999998,200913.04511272116,1512407.825112721,1016681.3,175574.0921981289,1192255.3921981289
4338,Irma – Georgia,GA,Macon County,104420.96,15996.657681850369,120417.61768185037,82604.18000000001,13979.175165651162,96583.35516565117
4338,Irma – Georgia,GA,Madison County,106311.78,16286.319836632283,122598.09983663229,86975.87,14232.305418300786,101208.17541830079
4338,Irma – Georgia,GA,Marion County,21677.09,3320.7987004588135,24997.888700458814,17833.56,2901.9828796018073,20735.54287960181
4338,Irma – Georgia,GA,McDuffie County,195271.31,29914.38022746089,225185.69022746087,161813.04,26141.608421490946,187954.64842149094
4338,Irma – Georgia,GA,McIntosh County,3256572.37,498887.1335703307,3755459.503570331,2564873.9899999998,435967.98573629034,3000841.97573629
4338,Irma – Georgia,GA,Meriwether County,23356.98,3578.1476586867752,26935.127658686775,17977.61,3126.875243826631,21104.48524382663
4338,Irma – Georgia,GA,Miller County,33216.82,5088.615339483958,38305.435339483956,25243.9,4446.8442468437825,29690.744246843784
4338,Irma – Georgia,GA,Mitchell County,372645.94,57087.097635487655,429733.0376354877,292329.47,49887.32980455966,342216.7998045596
4338,Irma – Georgia,GA,Monroe County,282376.77,43258.40834059172,325635.1783405917,221157.38,37802.70101463145,258960.08101463146
4338,Irma – Georgia,GA,Montgomery County,37862.4,5800.290016614398,43662.6900166144,29791.66,5068.763223321741,34860.42322332174
4338,Irma – Georgia,GA,Morgan County,149565.18,22912.478352854952,172477.65835285495,121230.98000000001,20022.779429552702,141253.7594295527
4338,Irma – Georgia,GA,Muscogee County,484062.56,74155.4479954997,558218.0079954996,404773.16000000003,64803.0368364122,469576.19683641224
4338,Irma – Georgia,GA,Newton County,2972741.97,455406.0379310772,3428148.0079310774,2265544.78,397970.68252305774,2663515.4625230576
4338,Irma – Georgia,GA,Oconee County,62267.39,9538.986450347447,71806.37645034745,50800.28,8335.938990772689,59136.218990772686
4338,Irma – Georgia,GA,Oglethorpe County,59014.63,9040.68334873628,68055.31334873628,48448.87,7900.481379467225,56349.351379467225
4338,Irma – Georgia,GA,Peach County,1308958.81,200524.54989124995,1509483.35989125,1004210.1799999999,175234.5936066121,1179444.773606612
4338,Irma – Georgia,GA,Pickens County,2723841.7399999998,417276.032458576,3141117.7724585757,2057407.28,364649.5953204418,2422056.875320442
4338,Irma – Georgia,GA,Pierce County,656939.93,100639.21245072581,757579.1424507259,504686.16,87946.69532611663,592632.8553261166
4338,Irma – Georgia,GA,Putnam County,106135.79,16259.359236141454,122395.14923614144,90215.42,14208.745061860825,104424.16506186083
4338,Irma – Georgia,GA,Quitman County,17605.32,2697.028234747448,20302.34823474745,13974.78,2356.8817230500626,16331.661723050063
4338,Irma – Georgia,GA,Rabun County,143888.46,22042.839282349243,165931.29928234924,117531.83,19262.81837148203,136794.64837148204
4338,Irma – Georgia,GA,Randolph County,111218.07,17037.93370436426,128256.00370436427,91066.54000000001,14889.126494485901,105955.66649448591
4338,Irma – Georgia,GA,Richmond County,584685.59,89570.28583859709,674255.8758385971,490281.28,78273.77070122794,568555.050701228
4338,Irma – Georgia,GA,Rockdale County,990716.36,151771.73692646413,1142488.0969264642,779928.5800000001,132630.43680039252,912559.0168003927
4338,Irma – Georgia,GA,Schley County,31502.07,4825.926040707612,36327.996040707614,24939.989999999998,4217.285060495559,29157.275060495558
4338,Irma – Georgia,GA,Screven County,26649.609999999997,4082.558602456981,30732.16860245698,21696.600000000002,3567.6703823283065,25264.27038232831
4338,Irma – Georgia,GA,Spalding County,757164.02,115992.93510568861,873156.9551056887,592881.76,101364.02178938595,694245.781789386
4338,Irma – Georgia,GA,Stephens County,299996.59,45957.657887385976,345954.247887386,244578.89,40161.5239000679,284740.4139000679
4338,Irma – Georgia,GA,Stewart County,44814.6,6865.324886393033,51679.92488639303,37017.28,5999.47695729469,43016.75695729469
4338,Irma – Georgia,GA,Sumter County,660652.53,101207.96025106819,761860.4902510683,499642.25999999995,88443.71322099135,588085.9732209913
4338,Irma – Georgia,GA,Talbot County,28980.729999999996,4439.672046494606,33420.4020464946,24064.739999999998,3879.7450348899447,27944.48503488994
4338,Irma – Georgia,GA,Taliaferro County,6150.0,942.142695713387,7092.142695713387,4612.5,823.3205983621932,5435.820598362193
4338,Irma – Georgia,GA,Tattnall County,1189746.8599999999,182262.00225966464,1372008.8622596646,909903.36,159275.3002723155,1069178.6602723156
4338,Irma – Georgia,GA,Taylor County,1791669.2399999998,274472.8597724155,2066142.0997724151,1351385.94,239856.61638112774,1591242.5563811278
4338,Irma – Georgia,GA,Telfair County,209587.4,32107.51837781462,241694.9183778146,167118.13,28058.150175150622,195176.28017515063
4338,Irma – Georgia,GA,Terrell County,38448.36,5890.055534334758,44338.41553433476,29869.64,5147.207603454474,35016.84760345447
4338,Irma – Georgia,GA,Thomas County,754857.1799999999,115639.54121037485,870496.7212103747,590223.64,101055.19757977198,691278.837579772
4338,Irma – Georgia,GA,Tift County,350923.81,53759.39908022966,404683.20908022963,279010.24,46979.31727296595,325989.55727296596
4338,Irma – Georgia,GA,Toombs County,1465964.25,224576.8309454396,1690541.0809454396,1105779.98,196253.4249573307,1302033.4049573308
4338,Irma – Georgia,GA,Towns County,348737.79,53424.51407605351,402162.3040760535,261553.34,46686.66763159494,308240.00763159496
4338,Irma – Georgia,GA,Treutlen County,95247.51,14591.34078559151,109838.85078559151,77199.98,12751.09543507463,89951.07543507463
4338,Irma – Georgia,GA,Troup County,456289.72,69900.81737026123,526190.5373702612,350281.57,61084.99598323863,411366.56598323863
4338,Irma – Georgia,GA,Turner County,139202.16,21324.926548215644,160527.08654821565,111275.92,18635.44807553004,129911.36807553004
4338,Irma – Georgia,GA,Twiggs County,118711.39,18185.86487585093,136897.25487585092,97649.91,15892.28173125328,113542.19173125329
4338,Irma – Georgia,GA,Union County,27804.66,4259.5052562266965,32064.165256226697,22470.23,3722.300700562169,26192.53070056217
4338,Irma – Georgia,GA,Upson County,286200.86,43844.23573266499,330045.095732665,225216.43,38314.644440158416,263531.07444015844
4338,Irma – Georgia,GA,Walker County,59796.34,9160.436579088493,68956.77657908849,47398.28,8005.131451816121,55403.41145181612
4338,Irma – Georgia,GA,Walton County,2316418.59,354861.2772005208,2671279.867200521,1767148.61,310106.52676034276,2077255.1367603429
4338,Irma – Georgia,GA,Ware County,329889.62,50537.08876010811,380426.7087601081,258700.72999999998,44163.4015173783,302864.13151737826
4338,Irma – Georgia,GA,Warren County,78309.20999999999,11996.495968875726,90305.70596887571,64093.770000000004,10483.509859263519,74577.27985926352
4338,Irma – Georgia,GA,Washington County,1362957.8499999999,208796.87527523938,1571754.7252752392,1038536.47,182463.6215616989,1221000.0915616988
4338,Irma – Georgia,GA,Wayne County,827071.31,126702.3078944069,953773.6178944069,655513.28,110722.73916055333,766236.0191605533
4338,Irma – Georgia,GA,Webster County,21012.16,3218.9354577497566,24231.095457749758,17333.28,2812.966527493031,20146.24652749303
4338,Irma – Georgia,GA,Wheeler County,763119.4,116905.26319791585,880024.6631979159,574485.2799999999,102161.28797232485,676646.5679723248
4338,Irma – Georgia,GA,White County,217221.07,33276.95031797502,250498.02031797502,171231.27,29080.094525085504,200311.3645250855
4338,Irma – Georgia,GA,Wilcox County,5707.12,874.2961661072823,6581.416166107282,4280.34,764.0308054186733,5044.370805418674
4338,Irma – Georgia,GA,Wilkes County,928370.76,142220.76917851804,1070591.529178518,707294.55,124284.0275813275,831578.5775813275
4338,Irma – Georgia,GA,Wilkinson County,83735.04000000001,12827.700213214357,96562.74021321436,67092.21,11209.883453119053,78302.09345311906
4338,Irma – Georgia,GA,Worth County,546626.46,83739.85797929527,630366.3179792953,431644.34,73178.67058988738,504823.0105898874
4339,Maria – Puerto Rico,PR,Adjuntas,36306582.67,149020375.00829044,185326957.67829043,32772147.96,136903650.68642724,169675798.64642724
4339,Maria – Puerto Rico,PR,Aguada,89697701.78,368164232.86464596,457861934.6446459,81685431.37,338229101.413373,419914532.783373
4339,Maria – Puerto Rico,PR,Aguadilla,116874939.02,479713207.9363358,596588146.9563358,105755146.47,440708120.9219067,546463267.3919067
4339,Maria – Puerto Rico,PR,Aguas Buenas,42391480.839999996,173995840.6262629,216387321.4662629,38820051.89,159848381.70393777,198668433.59393775
4339,Maria – Puerto Rico,PR,Aibonito,43269327.480000004,177598962.31583634,220868289.79583633,39379372.29,163158536.52768326,202537908.81768325
4339,Maria – Puerto Rico,PR,Anasco,340516738.38,1397651013.0741954,1738167751.4541955,308801819.62,1284009156.9008317,1592810976.5208316
4339,Maria – Puerto Rico,PR,Arecibo,159916763.23,656378383.0401075,816295146.2701075,144601350.1,603008795.7089465,747610145.8089465
4339,Maria – Puerto Rico,PR,Arroyo,45387783.5,186294165.4256522,231681948.9256522,41361264.79,171146739.81282154,212508004.60282153
4339,Maria – Puerto Rico,PR,Barceloneta,46719781.62,191761351.94543317,238481133.56543317,42615172.84,176169393.88613197,218784566.72613198
4339,Maria – Puerto Rico,PR,Barranquitas,171961768.51,705817109.3481497,877778877.8581496,154960404.34,648427699.7781488,803388104.1181488
4339,Maria – Puerto Rico,PR,Bayamon,310873876.99,1275981883.2415314,1586855760.2315314,282751943.62,1172232844.1046393,1454984787.7246394
4339,Maria – Puerto Rico,PR,Cabo Rojo,24689589.45,101338424.27642973,126028013.72642973,22971828.0,93098680.21390675,116070508.21390675
4339,Maria – Puerto Rico,PR,Caguas,234549482.05,962708390.6735332,1197257872.7235332,212355148.57,884431361.9686542,1096786510.538654
4339,Maria – Puerto Rico,PR,Camuy,9731710.68,39943808.2120601,49675518.8920601,9062516.97,36696009.96672632,45758526.93672632
4339,Maria – Puerto Rico,PR,Canovanas,69817275.42,286565019.34406644,356382294.76406646,63589787.839999996,263264652.93787345,326854440.77787346
4339,Maria – Puerto Rico,PR,Carolina,203444713.24,835038861.5761977,1038483574.8161978,185816753.06,767142537.444693,952959290.504693
4339,Maria – Puerto Rico,PR,Catano,34948851.47,143447567.05708545,178396418.52708545,31969606.69,131783963.17354943,163753569.86354944
4339,Maria – Puerto Rico,PR,Cayey,108962906.81,447238270.32712585,556201177.1371258,99109843.17,410873693.82247514,509983536.99247515
4339,Maria – Puerto Rico,PR,Ceiba,23894925.37,98076725.41912943,121971650.78912944,21790865.93,90102187.41230619,111893053.3423062
4339,Maria – Puerto Rico,PR,Ciales,53867571.63,221099457.30919838,274967028.9391984,48587275.74,203122041.99414444,251709317.73414445
4339,Maria – Puerto Rico,PR,Cidra,51022677.32,209422588.1092376,260445265.4292376,47035503.56,192394609.4402162,239430113.00021622
4339,Maria – Puerto Rico,PR,Coamo,105620989.66,433521370.79223394,539142360.4522339,95925061.18,398272104.12495095,494197165.30495095
4339,Maria – Puerto Rico,PR,Comerio,60444375.32,248093949.22125438,308538324.5412544,54965110.07,227921633.93571687,282886744.00571686
4339,Maria – Puerto Rico,PR,Corozal,71499568.04,293469989.70122516,364969557.7412252,65175869.5,269608185.82539976,334784055.32539976
4339,Maria – Puerto Rico,PR,Culebra,9190237.03,37721329.51960023,46911566.54960023,8324267.9399999995,34654239.19173245,42978507.13173245
4339,Maria – Puerto Rico,PR,Dorado,50071593.56,205518864.64763498,255590458.207635,45802305.52,188808294.5276821,234610600.0476821
4339,Maria – Puerto Rico,PR,Fajardo,40781107.48,167386062.8845297,208167170.3645297,37132766.12,153776039.5626781,190908805.6826781
4339,Maria – Puerto Rico,PR,Florida,5227423.59,21455961.052282196,26683384.642282195,4894534.05,19711394.477968622,24605928.527968623
4339,Maria – Puerto Rico,PR,Guanica,13064523.82,53623340.336292334,66687864.156292334,11970338.45,49263270.56706678,61233609.01706678
4339,Maria – Puerto Rico,PR,Guayama,58477880.3,240022470.06289008,298500350.36289006,53176415.68,220506440.11971682,273682855.79971683
4339,Maria – Puerto Rico,PR,Guayanilla,101508454.1,416641467.8568214,518149921.95682144,91756092.45,382764692.23606026,474520784.68606025
4339,Maria – Puerto Rico,PR,Guaynabo,158090766.32,648883578.3991567,806974344.7191567,143898477.63,596123387.478893,740021865.108893
4339,Maria – Puerto Rico,PR,Gurabo,36818069.87,151119774.31140694,187937844.18140694,33844246.980000004,138832349.55615696,172676596.53615695
4339,Maria – Puerto Rico,PR,Hatillo,23099346.240000002,94811270.73894183,117910616.97894183,20991434.330000002,87102244.17069314,108093678.50069314
4339,Maria – Puerto Rico,PR,Hormigueros,9487778.629999999,38942589.06957172,48430367.699571714,8671072.54,35776199.13054926,44447271.67054926
4339,Maria – Puerto Rico,PR,Humacao,120303923.45,493787475.13742983,614091398.5874299,109670065.06,453638021.0141513,563308086.0741513
4339,Maria – Puerto Rico,PR,Isabela,33979811.85,139470143.76492822,173449955.61492822,31115805.81,128129940.90316351,159245746.7131635
4339,Maria – Puerto Rico,PR,Jayuya,425341422.29,1745813943.227156,2171155365.517156,385297430.59,1603863245.101671,1989160675.691671
4339,Maria – Puerto Rico,PR,Juana Diaz,53810926.98,220866959.33322695,274677886.31322694,48833119.14,202908448.23768046,251741567.37768048
4339,Maria – Puerto Rico,PR,Juncos,30441741.7,124948134.20674694,155389875.90674692,28063568.85,114788704.01721686,142852272.86721686
4339,Maria – Puerto Rico,PR,Lajas,15898142.7,65253929.53181828,81152072.23181827,14560103.68,59948186.10571736,74508289.78571737
4339,Maria – Puerto Rico,PR,Lares,263728368.8,1082473136.514027,1346201505.314027,237515129.29,994458134.6712699,1231973263.9612699
4339,Maria – Puerto Rico,PR,Las Marias,119951570.19,492341241.11926705,612292811.309267,108293391.9,452309379.09641105,560602770.9964111
4339,Maria – Puerto Rico,PR,Las Piedras,80638843.12,330982145.8880118,411620989.0080118,73594580.49,304070259.3962443,377664839.8862443
4339,Maria – Puerto Rico,PR,Loiza,36211073.24,148628356.53591603,184839429.77591604,33018521.400000002,136543506.91413042,169562028.31413043
4339,Maria – Puerto Rico,PR,Luquillo,27006664.52,110848859.31219733,137855523.83219734,24570747.0,101835829.58653617,126406576.58653617
4339,Maria – Puerto Rico,PR,Manati,44498083.66,182642392.2745765,227140475.93457648,40817591.18,167791889.33795774,208609480.51795775
4339,Maria – Puerto Rico,PR,Maricao,171698719.74,704737425.6250309,876436145.3650309,156421342.4,647435804.25196,803857146.65196
4339,Maria – Puerto Rico,PR,Maunabo,32287132.75,132522542.09876744,164809674.84876746,30067212.46,121747243.02336286,151814455.48336285
4339,Maria – Puerto Rico,PR,Mayaguez,101357295.45,416021037.1510872,517378332.6010872,92860228.5,382194708.2415344,475054936.7415344
4339,Maria – Puerto Rico,PR,Moca,58268020.89,239161102.07732478,297429122.9673248,52717407.48,219715109.2577341,272432516.7377341
4339,Maria – Puerto Rico,PR,Morovis,49430546.93,202887688.641105,252318235.571105,44912009.54,186391057.28161794,231303066.82161793
4339,Maria – Puerto Rico,PR,Naguabo,36829727.67,151167623.75357458,187997351.42357457,33732118.34,138876308.39947414,172608426.73947415
4339,Maria – Puerto Rico,PR,Naranjito,73719096.13,302580043.1402819,376299139.2702819,67907961.13,277977508.3001682,345885469.4301682
4339,Maria – Puerto Rico,PR,Orocovis,288960060.77,1186036620.679943,1474996681.449943,261804064.13,1089600956.9821863,1351405021.1121864
4339,Maria – Puerto Rico,PR,Patillas,56096554.55,230248318.09966707,286344872.6496671,50996951.66,211527016.42644873,262523968.08644873
4339,Maria – Puerto Rico,PR,Penuelas,64295964.35,263902797.07800087,328198761.42800087,58194947.74,242445077.3548768,300640025.09487677
4339,Maria – Puerto Rico,PR,Ponce,274264409.42,1125718317.107472,1399982726.527472,248734722.63,1034187085.1420163,1282921807.7720163
4339,Maria – Puerto Rico,PR,Quebradillas,25037493.01,102766394.50015335,127803887.51015335,23177670.61,94410543.35133612,117588213.96133612
4339,Maria – Puerto Rico,PR,Rincon,42624974.11,174954213.79438987,217579187.90438986,38782219.43,160728830.33674523,199511049.76674524
4339,Maria – Puerto Rico,PR,Rio Grande,45080718.73,185033818.02272666,230114536.75272664,41473820.32,169988870.22227687,211462690.54227686
4339,Maria – Puerto Rico,PR,Sabana Grande,19122130.27,78486787.08468439,97608917.35468438,17399015.46,72105090.87729672,89504106.33729672
4339,Maria – Puerto Rico,PR,Salinas,78958916.95,324086888.6252979,403045805.5752979,71945321.78,297735649.8394295,369680971.61942947
4339,Maria – Puerto Rico,PR,San German,19295774.0,79199507.80526656,98495281.80526656,17567286.03,72759860.86134845,90327146.89134845
4339,Maria – Puerto Rico,PR,San Juan,875062565.23,3591694454.186184,4466757019.416183,794126046.4599999,3299656727.4839272,4093782773.9439273
4339,Maria – Puerto Rico,PR,San Lorenzo,51616415.54,211859586.73853204,263476002.27853203,47267753.699999996,194633457.7121365,241901211.4121365
4339,Maria – Puerto Rico,PR,San Sebastian,32355138.17,132801670.35721877,165156808.52721876,29566976.31,122003675.5923294,151570651.9023294
4339,Maria – Puerto Rico,PR,Santa Isabel,30551106.2,125397020.81639363,155948127.01639363,27827924.12,115201092.02524239,143029016.1452424
4339,Maria – Puerto Rico,PR,Toa Alta,23820479.01,97771160.32130575,121591639.33130576,21964052.97,89821467.56166771,111785520.53166771
4339,Maria – Puerto Rico,PR,Toa Baja,59769646.65,245324525.27557063,305094171.9255706,54695601.79,225377389.5769074,280072991.3669074
4339,Maria – Puerto Rico,PR,Trujillo Alto,54378944.94,223198389.15078968,277577334.0907897,50054325.58,205050311.41126174,255104636.99126172
4339,Maria – Puerto Rico,PR,Utuado,320463015.39,1315340503.5050452,1635803518.8950453,290129446.57,1208391247.2743807,1498520693.8443806
4339,Maria – Puerto Rico,PR,Vega Alta,8163161.23,33505696.71633977,41668857.94633977,7632855.87,30781376.029982217,38414231.899982214
4339,Maria – Puerto Rico,PR,Vega Baja,80830311.46,331768027.72350025,412598339.18350023,73431242.53,304792241.8250264,378223484.35502636
4339,Maria – Puerto Rico,PR,Vieques,73049157.83,299830281.26911277,372879439.09911275,66148967.760000005,275451327.3087403,341600295.0687403
4339,Maria – Puerto Rico,PR,Villalba,49081647.1,201455629.22698972,250537276.3269897,44435093.08,185075437.44250977,229510530.52250975
4339,Maria – Puerto Rico,PR,Yabucoa,209084309.2,858186584.1942471,1067270893.394247,190439209.75,788408137.7447287,978847347.4947287
4339,Maria – Puerto Rico,PR,Yauco,209535486.33,860038440.8043522,1069573927.1343522,190323537.69,790109421.4145428,980432959.1045427
4340,Maria – US Virgin Islands,VI,St. Croix,29835308.009999998,20132242698.39929,20162078006.409286,29187422.900000002,19724028597.84683,19753216020.74683
4340,Maria – US Virgin Islands,VI,St. John,22927.86,15471241.051716601,15494168.9117166,21726.87,15157536.37186695,15179263.24186695
4340,Maria – US Virgin Islands,VI,St. Thomas,3464669.9,2337886884.6689944,2341351554.5689945,3391740.38,2290482409.861305,2293874150.2413054
4346,Irma – South Carolina,SC,Abbeville County,166628.53999999998,107656.76604515384,274285.3060451538,124971.41,84629.30972993537,209600.71972993537
4346,Irma – South Carolina,SC,Aiken County,125373.37,81002.27945574335,206375.64945574335,94030.04000000001,63676.13712282295,157706.17712282296
4346,Irma – South Carolina,SC,Allendale County,15339.35,9910.576028780728,25249.926028780726,11504.51,7790.733821504313,19295.243821504315
4346,Irma – South Carolina,SC,Anderson County,540536.79,349234.54733401886,889771.3373340189,405402.61,274534.33500248543,679936.9450024854
4346,Irma – South Carolina,SC,Bamberg County,148259.4,95788.67785671579,244048.07785671577,111194.56,75299.76967315671,186494.32967315672
4346,Irma – South Carolina,SC,Barnwell County,28839.77,18633.04072451242,47472.81072451242,21629.83,14647.489726970533,36277.319726970534
4346,Irma – South Carolina,SC,Beaufort County,5240242.13,3385659.6295530684,8625901.759553067,3973489.07,2661477.285221525,6634966.355221525
4346,Irma – South Carolina,SC,Berkeley County,1213668.28,784136.9916365125,1997805.2716365126,910251.22,616412.4631801848,1526663.6831801848
4346,Irma – South Carolina,SC,Charleston County,11271234.4,7282213.748262393,18553448.148262393,8453784.21,5724570.275153959,14178354.48515396
4346,Irma – South Carolina,SC,Clarendon County,16718.72,10801.77097881572,27520.490978815724,12539.04,8491.304869910433,21030.344869910434
4346,Irma – South Carolina,SC,Colleton County,1192927.34,770736.5109917407,1963663.8509917408,896732.03,605878.3047740078,1502610.3347740078
4346,Irma – South Carolina,SC,Darlington County,5903.53,3814.2022252043203,9717.73222520432,4427.65,2998.355917119393,7426.0059171193925
4346,Irma – South Carolina,SC,Dillon County,82886.35,53551.90887639499,136438.258876395,62164.77,42097.3177016004,104262.0877016004
4346,Irma – South Carolina,SC,Dorchester County,131078.5,84688.29774328995,215766.79774328996,98308.87,66573.72725845965,164882.59725845966
4346,Irma – South Carolina,SC,Edgefield County,17418.620000000003,11253.968246792763,28672.588246792766,13063.96,8846.778511340537,21910.738511340536
4346,Irma – South Carolina,SC,Georgetown County,920216.48,594541.189031933,1514757.669031933,696636.24,467370.6287320941,1164006.868732094
4346,Irma – South Carolina,SC,Greenville County,109250.54,70585.50609089369,179836.04609089368,81937.93000000001,55487.480042870775,137425.4100428708
4346,Irma – South Carolina,SC,Hampton County,152609.88,98599.472499363,251209.352499363,114457.42,77509.34385170916,191966.76385170914
4346,Irma – South Carolina,SC,Horry County,110518.42000000001,71404.66864571972,181923.08864571975,82888.82,56131.42620731771,139020.24620731772
4346,Irma – South Carolina,SC,Jasper County,1135740.17,733788.5440859847,1869528.7140859845,851805.14,576833.3961256545,1428638.5361256544
4346,Irma – South Carolina,SC,Kershaw County,26968.25,17423.873370655594,44392.123370655594,20226.190000000002,13696.959609226185,33923.14960922619
4346,Irma – South Carolina,SC,Lexington County,8421.33,5440.923587274038,13862.253587274037,6316.0,4277.1265049072435,10593.126504907243
4346,Irma – South Carolina,SC,Newberry County,8297.75,5361.079983364047,13658.829983364047,6223.31,4214.361206138944,10437.671206138944
4346,Irma – South Carolina,SC,Oconee County,630104.48,407103.1924504849,1037207.6724504849,472578.38,320025.0521317649,792603.432131765
4346,Irma – South Carolina,SC,Orangeburg County,23585.33,15238.208015912212,38823.538015912214,17689.0,11978.80145653762,29667.80145653762
4346,Irma – South Carolina,SC,Pickens County,2492082.96,1610105.8809603357,4102188.840960336,1869062.22,1265709.1077827015,3134771.3277827017
4346,Irma – South Carolina,SC,Richland County,121942.29,78785.49848387498,200727.788483875,91456.72,61933.518889306724,153390.23888930673
4346,Irma – South Carolina,SC,Saluda County,12667.81,8184.52503679418,20852.33503679418,9500.86,6433.879910908256,15934.739910908256
4346,Irma – South Carolina,SC,Sumter County,127786.41,82561.3165975055,210347.7265975055,95839.81,64901.70094010614,160741.51094010612
4346,Irma – South Carolina,SC,Williamsburg County,293854.04,189855.6852007662,483709.7252007662,220390.53,149246.1289437741,369636.65894377406
