disasterNumber,disaster_label,stateAbbreviation,county,named_projectAmount,distributed_statewide_amt,adjusted_projectAmount,named_totalObligated,distributed_statewide_obl,adjusted_totalObligated,ia_validRegistrations,ia_totalApprovedIhp,ia_adjustedNeed,denial_multiplier,combined_need,combined_fema_actual
4332,Harvey – Texas,TX,Aransas County,87868917.29,32348683.427052267,120217600.71705228,79157600.14,30575950.43353165,109733550.57353166,13059.0,30527809.96,43611157.08571429,1.4285714285714286,163828757.80276656,140261360.53353167
4332,Harvey – Texas,TX,Austin County,1097017.39,403863.7251664391,1500881.115166439,990321.72,381731.6791404185,1372053.3991404185,834.0,1206073.89,1722962.7,1.4285714285714286,3223843.815166439,2578127.289140418
4332,Harvey – Texas,TX,Bastrop County,3295317.54,1213161.4589178995,4508478.9989179,2982387.43,1146679.2680880595,4129066.69808806,765.0,801406.51,1144866.442857143,1.4285714285714286,5653345.441775043,4930473.20808806
4332,Harvey – Texas,TX,Bee County,1040129.79,382920.7225657435,1423050.5125657436,951678.62,361936.3693593507,1313614.9893593506,2280.0,856932.55,1224189.3571428573,1.4285714285714286,2647239.869708601,2170547.5393593507
4332,Harvey – Texas,TX,Brazoria County,30919323.2,11382857.884483583,42302181.08448359,28830916.05,10759068.425543644,39589984.47554365,39903.0,75089385.68,107270550.97142859,1.4285714285714286,149572732.0559122,114679370.15554366
4332,Harvey – Texas,TX,Burleson County,183895.54,67700.60210795193,251596.14210795192,166098.18,63990.55649485557,230088.73649485555,0.0,0.0,0.0,0.0,251596.14210795192,230088.73649485555
4332,Harvey – Texas,TX,Caldwell County,1553020.05,571739.7630781127,2124759.813078113,1398880.67,540407.9796996078,1939288.649699608,241.0,296325.96,423322.80000000005,1.4285714285714286,2548082.6130781127,2235614.6096996083
4332,Harvey – Texas,TX,Calhoun County,20678820.02,7612846.762003964,28291666.78200396,18702943.97,7195656.842666007,25898600.812666006,6213.0,4927668.29,7039526.128571428,1.4285714285714286,35331192.91057539,30826269.102666005
4332,Harvey – Texas,TX,Chambers County,4031917.29,1484338.490114887,5516255.780114887,3704339.29,1402995.587213969,5107334.877213969,6016.0,25926365.200000003,37037664.571428575,1.4285714285714286,42553920.351543464,31033700.077213973
4332,Harvey – Texas,TX,Colorado County,2612732.17,961869.6628304078,3574601.832830408,2354131.38,909158.457732643,3263289.837732643,1014.0,1670617.91,2386597.0142857144,1.4285714285714286,5961198.847116122,4933907.747732643
4332,Harvey – Texas,TX,Comal County,371131.09,136630.8190725044,507761.9090725045,336817.18,129143.3439965011,465960.5239965011,0.0,0.0,0.0,0.0,507761.9090725045,465960.5239965011
4332,Harvey – Texas,TX,Dallas County,2890017.3200000003,1063951.3751470514,3953968.695147052,2786907.95,1005646.0128754134,3792553.9628754137,0.0,0.0,0.0,0.0,3953968.695147052,3792553.9628754137
4332,Harvey – Texas,TX,DeWitt County,1621351.09,596895.6344530386,2218246.7244530385,1488265.49,564185.2897717946,2052450.7797717943,1405.0,773530.8600000001,1105044.085714286,1.4285714285714286,3323290.8101673247,2825981.6397717944
4332,Harvey – Texas,TX,Fayette County,1506966.96,554785.4534633624,2061752.4134633625,1404391.9400000002,524382.7794288037,1928774.719428804,799.0,5551638.390000001,7930911.985714287,1.4285714285714286,9992664.399177648,7480413.109428804
4332,Harvey – Texas,TX,Fort Bend County,50316561.77,18523894.20554166,68840455.97554165,46633426.49,17508770.40612336,64142196.896123365,58179.0,97539696.02,139342422.8857143,1.4285714285714286,208182878.86125594,161681892.91612336
4332,Harvey – Texas,TX,Galveston County,167787323.57,61770409.61282016,229557733.1828201,152059750.97,58385343.15746155,210445094.12746155,44551.0,109100465.0,155857807.14285713,1.4285714285714286,385415540.3256773,319545559.12746155
4332,Harvey – Texas,TX,Goliad County,299495.22,110258.2842544932,409753.5042544932,278563.07,104216.04458351298,382779.114583513,1131.0,689934.58,985620.8285714285,1.4285714285714286,1395374.3328259217,1072713.6945835128
4332,Harvey – Texas,TX,Gonzales County,1381320.2000000002,508528.9683690892,1889849.1683690893,1246460.52,480661.1856686965,1727121.7056686964,606.0,301353.19,430504.5571428572,1.4285714285714286,2320353.7255119462,2028474.8956686964
4332,Harvey – Texas,TX,Grimes County,675710.6100000001,248760.8734161333,924471.4834161334,608576.46,235128.5842135069,843705.0442135069,401.0,649697.17,928138.8142857144,1.4285714285714286,1852610.2977018477,1493402.2142135068
4332,Harvey – Texas,TX,Guadalupe County,750404.5,276259.2093017406,1026663.7093017406,681988.13,261119.98992060297,943108.119920603,0.0,0.0,0.0,0.0,1026663.7093017406,943108.119920603
4332,Harvey – Texas,TX,Hardin County,60248671.05,22180371.020900957,82429042.07090096,54545994.12,20964869.45015085,75510863.57015085,10172.0,37126940.59,53038486.55714286,1.4285714285714286,135467528.62804383,112637804.16015086
4332,Harvey – Texas,TX,Harris County,1360861066.86,500996998.6857311,1861858065.545731,1241174766.61,473541973.7779081,1714716740.3879082,447076.0,780618046.3699999,1115168637.6714284,1.4285714285714286,2977026703.2171593,2495334786.757908
4332,Harvey – Texas,TX,Jackson County,2127351.4,783178.1601402322,2910529.560140232,1933954.12,740259.3882707002,2674213.5082707,2356.0,717188.8,1024555.4285714286,1.4285714285714286,3935084.9887116607,3391402.3082707003
4332,Harvey – Texas,TX,Jasper County,2836345.24,1044192.1567756532,3880537.3967756536,2576628.43,986969.6150278288,3563598.045027829,4278.0,4644882.08,6635545.828571429,1.4285714285714286,10516083.225347083,8208480.125027829
4332,Harvey – Texas,TX,Jefferson County,159914084.66,58871899.86784887,218785984.52784887,146025333.66,55645673.99926526,201671007.65926525,66942.0,180249391.35,257499130.5,1.4285714285714286,476285115.02784884,381920399.00926524
4332,Harvey – Texas,TX,Jim Wells County,135235.05,49786.38585307171,185021.43585307169,135235.05,47058.05321384965,182293.10321384965,0.0,0.0,0.0,0.0,185021.43585307169,182293.10321384965
4332,Harvey – Texas,TX,Karnes County,137135.47,50486.01988583832,187621.48988583832,128924.14,47719.34675785813,176643.48675785813,383.0,252495.99,360708.5571428571,1.4285714285714286,548330.0470286955,429139.4767578581
4332,Harvey – Texas,TX,Kleberg County,100965.12,37170.011931238885,138135.13193123887,100736.06,35133.06638850443,135869.12638850443,1354.0,430586.58,615123.6857142857,1.4285714285714286,753258.8176455246,566455.7063885045
4332,Harvey – Texas,TX,Lavaca County,271992.33,100133.17620288538,372125.5062028854,250701.55,94645.80032246784,345347.35032246786,418.0,140529.28,200756.11428571428,1.4285714285714286,572881.6204885996,485876.6303224679
4332,Harvey – Texas,TX,Lee County,166029.28,61123.19104394669,227152.4710439467,151195.65,57773.59266918705,208969.24266918705,210.0,293066.43999999994,418666.3428571428,1.4285714285714286,645818.8139010895,502035.68266918696
4332,Harvey – Texas,TX,Liberty County,5540577.91,2039747.4595252168,7580325.369525216,5054890.87,1927967.713431244,6982858.583431244,10522.0,30050158.82,42928798.31428572,1.4285714285714286,50509123.683810934,37033017.403431244
4332,Harvey – Texas,TX,Madison County,214721.86,79049.22113793166,293771.0811379317,193628.05,74717.26238173294,268345.312381733,0.0,0.0,0.0,0.0,293771.0811379317,268345.312381733
4332,Harvey – Texas,TX,Matagorda County,9276705.55,3415191.860080888,12691897.41008089,8418759.74,3228036.6918274104,11646796.431827413,9732.0,5726215.05,8180307.214285715,1.4285714285714286,20872204.624366604,17373011.48182741
4332,Harvey – Texas,TX,Milam County,2652986.95,976689.3416748386,3629676.291674839,2387688.25,923166.0066583971,3310854.256658397,0.0,0.0,0.0,0.0,3629676.291674839,3310854.256658397
4332,Harvey – Texas,TX,Montgomery County,25775254.2,9489084.01381304,35264338.21381304,23566327.96,8969074.834845712,32535402.794845715,19176.0,39695644.09,56708062.985714294,1.4285714285714286,91972401.19952732,72231046.88484572
4332,Harvey – Texas,TX,Newton County,4275383.55,1573969.877558928,5849353.427558928,3856288.27,1487715.104963672,5344003.374963672,1988.0,4129473.18,5899247.4,1.4285714285714286,11748600.827558927,9473476.554963673
4332,Harvey – Texas,TX,Nueces County,203559043.85,74939663.20860195,278498707.058602,183756717.09,70832911.42091976,254589628.51091972,50516.0,18473120.83,26390172.61428571,1.4285714285714286,304888879.6728877,273062749.34091973
4332,Harvey – Texas,TX,Orange County,130845888.4,48170528.92109228,179016417.32109228,118900793.9,45530746.49760275,164431540.39760277,28562.0,127268105.94,181811579.91428572,1.4285714285714286,360827997.235378,291699646.33760273
4332,Harvey – Texas,TX,Polk County,874855.37,322075.43101031735,1196930.8010103174,794719.48,304425.44707072707,1099144.927070727,2234.0,3167568.47,4525097.814285715,1.4285714285714286,5722028.615296032,4266713.397070727
4332,Harvey – Texas,TX,Refugio County,32838004.04,12089214.591780515,44927218.63178051,30448855.66,11426716.236293253,41875571.89629325,2758.0,5475515.6,7822165.142857143,1.4285714285714286,52749383.774637654,47351087.496293254
4332,Harvey – Texas,TX,Sabine County,740836.95,272736.94391293376,1013573.8939129338,673041.58,257790.7474126425,930832.3274126424,286.0,119070.66,170100.94285714286,1.4285714285714286,1183674.8367700765,1049902.9874126425
4332,Harvey – Texas,TX,San Augustine County,383611.35,141225.39007984794,524836.7400798479,346701.55,133486.128941696,480187.678941696,0.0,0.0,0.0,0.0,524836.7400798479,480187.678941696
4332,Harvey – Texas,TX,San Jacinto County,1781300.28,655780.4582485434,2437080.738248544,1639654.35,619843.1794574357,2259497.5294574355,2426.0,8174965.859999999,11678522.657142857,1.4285714285714286,14115603.3953914,10434463.389457434
4332,Harvey – Texas,TX,San Patricio County,41722419.17,15359985.887691217,57082405.05769122,37771824.04,14518246.7231121,52290070.7631121,16570.0,17198603.05,24569432.92857143,1.4285714285714286,81651837.98626265,69488673.8131121
4332,Harvey – Texas,TX,Travis County,499539.64,183904.0490312573,683443.6890312573,499539.64,173825.96421229036,673365.6042122904,0.0,0.0,0.0,0.0,683443.6890312573,673365.6042122904
4332,Harvey – Texas,TX,Tyler County,802270.05,295353.3589676873,1097623.4089676873,730353.28,279167.765344693,1009521.045344693,1914.0,2246071.75,3208673.9285714286,1.4285714285714286,4306297.337539116,3255592.795344693
4332,Harvey – Texas,TX,Victoria County,26774485.3,9856948.003961964,36631433.30396196,24260021.95,9316779.592426928,33576801.54242693,19589.0,13090113.489999998,18700162.12857143,1.4285714285714286,55331595.43253339,46666915.03242692
4332,Harvey – Texas,TX,Walker County,4143989.72,1525597.6255496086,5669587.345549609,3785431.5,1441993.689959858,5227425.189959858,1897.0,1685017.24,2407167.4857142856,1.4285714285714286,8076754.831263894,6912442.429959858
4332,Harvey – Texas,TX,Waller County,2456059.08,904190.925613,3360250.005613,2258831.84,854640.5601432368,3113472.400143237,2332.0,4061213.93,5801734.185714286,1.4285714285714286,9161984.191327285,7174686.3301432375
4332,Harvey – Texas,TX,Washington County,508232.96,187104.4692171797,695337.4292171797,470978.32,176850.99888462585,647829.3188846258,0.0,0.0,0.0,0.0,695337.4292171797,647829.3188846258
4332,Harvey – Texas,TX,Wharton County,7209336.27,2654095.940976579,9863432.210976578,6594400.01,2508649.420621328,9103049.430621328,5503.0,15444374.94,22063392.77142857,1.4285714285714286,31926824.98240515,24547424.370621327
4335,Irma – US Virgin Islands,VI,St. Croix,41502.5,738779.5390012825,780282.0390012825,41502.49,735259.3893720609,776761.8793720609,0.0,0.0,0.0,0.0,780282.0390012825,776761.8793720609
4335,Irma – US Virgin Islands,VI,St. John,9329.33,166069.95040276696,175399.28040276695,9284.91,165278.65740739592,174563.56740739592,0.0,0.0,0.0,0.0,175399.28040276695,174563.56740739592
4335,Irma – US Virgin Islands,VI,St. Thomas,3514789.37,62566218.19059596,66081007.56059595,3366329.6,62268101.58322055,65634431.18322055,0.0,0.0,0.0,0.0,66081007.56059595,65634431.18322055
4336,Irma – Puerto Rico,PR,Aguas Buenas,225201.23,130736.18071808058,355937.4107180806,185211.94,104078.0812193652,289290.0212193652,0.0,0.0,0.0,0.0,355937.4107180806,289290.0212193652
4336,Irma – Puerto Rico,PR,Camuy,83107.16,48246.2404345058,131353.4004345058,66775.62,38408.46583471494,105184.08583471492,0.0,0.0,0.0,0.0,131353.4004345058,105184.08583471492
4336,Irma – Puerto Rico,PR,Canovanas,70449.67000000001,40898.18154478616,111347.85154478616,59611.26,32558.731922278927,92169.99192227892,947.0,3390798.31,8476995.775,2.5,8588343.626544787,3482968.301922279
4336,Irma – Puerto Rico,PR,Catano,63516.14,36873.05596667881,100389.19596667882,51260.85,29354.35999910201,80615.20999910201,264.0,346297.02,865742.55,2.5,966131.7459666788,426912.229999102
4336,Irma – Puerto Rico,PR,Ciales,84351.01000000001,48968.33328624637,133319.34328624638,63263.27,38983.31847350696,102246.58847350696,0.0,0.0,0.0,0.0,133319.34328624638,102246.58847350696
4336,Irma – Puerto Rico,PR,Comerio,77362.95999999999,44911.55718574734,122274.51718574732,65513.37,35753.74980967245,101267.11980967244,0.0,0.0,0.0,0.0,122274.51718574732,101267.11980967244
4336,Irma – Puerto Rico,PR,Culebra,50681.82,29422.341870163105,80104.16187016311,41154.52,23422.903055659368,64577.42305565937,213.0,750755.33,1876888.325,2.5,1956992.4868701631,815332.7530556594
4336,Irma – Puerto Rico,PR,Guaynabo,688368.4,399618.84552325046,1087987.2455232504,573584.24,318133.52992807585,891717.7699280758,0.0,0.0,0.0,0.0,1087987.2455232504,891717.7699280758
4336,Irma – Puerto Rico,PR,Gurabo,331740.80000000005,192585.64964481164,524326.4496448117,272997.78,153315.97401211885,426313.7540121189,0.0,0.0,0.0,0.0,524326.4496448117,426313.7540121189
4336,Irma – Puerto Rico,PR,Hatillo,17479.48,10147.371113994695,27626.851113994693,13606.93,8078.245128200543,21685.175128200543,0.0,0.0,0.0,0.0,27626.851113994693,21685.175128200543
4336,Irma – Puerto Rico,PR,Jayuya,112697.84,65424.53243606765,178122.37243606764,85011.34999999999,52083.973718824825,137095.32371882483,0.0,0.0,0.0,0.0,178122.37243606764,137095.32371882483
4336,Irma – Puerto Rico,PR,Juncos,187628.84,108924.26268792506,296553.10268792504,152416.51,86713.77882179098,239130.288821791,0.0,0.0,0.0,0.0,296553.10268792504,239130.288821791
4336,Irma – Puerto Rico,PR,Las Piedras,149553.66999999998,86820.4655372983,236374.13553729828,126545.41,69117.11367168883,195662.5236716888,0.0,0.0,0.0,0.0,236374.13553729828,195662.5236716888
4336,Irma – Puerto Rico,PR,Loiza,182654.84000000003,106036.70402365076,288691.5440236508,154855.85,84415.01528490835,239270.8652849084,917.0,1357502.2599999998,3393755.6499999994,2.5,3682447.19402365,1596773.125284908
4336,Irma – Puerto Rico,PR,Luquillo,283645.98,164665.14015592667,448311.1201559267,222734.49,131088.66831671586,353823.15831671585,407.0,458914.2100000001,1147285.5250000001,2.5,1595596.6451559267,812737.3683167159
4336,Irma – Puerto Rico,PR,Naguabo,250826.69,145612.54160449293,396439.2316044929,199503.37,115921.03921370476,315424.4092137048,0.0,0.0,0.0,0.0,396439.2316044929,315424.4092137048
4336,Irma – Puerto Rico,PR,Orocovis,83736.05,48611.33025524875,132347.38025524875,63006.89,38699.111070080864,101706.00107008086,0.0,0.0,0.0,0.0,132347.38025524875,101706.00107008086
4336,Irma – Puerto Rico,PR,Patillas,65354.8,37940.45416001509,103295.25416001509,54226.49,30204.10759956937,84430.59759956937,0.0,0.0,0.0,0.0,103295.25416001509,84430.59759956937
4336,Irma – Puerto Rico,PR,Quebradillas,51467.33,29878.35437647073,81345.68437647073,44071.07,23785.93115092609,67857.0011509261,0.0,0.0,0.0,0.0,81345.68437647073,67857.0011509261
4336,Irma – Puerto Rico,PR,Salinas,23714.75,13767.135471169948,37481.885471169946,18068.38,10959.912059969394,29028.2920599694,0.0,0.0,0.0,0.0,37481.885471169946,29028.2920599694
4336,Irma – Puerto Rico,PR,San Juan,3790003.08,2200212.3504785565,5990215.430478556,2952395.13,1751572.3532321928,4703967.483232193,0.0,0.0,0.0,0.0,5990215.430478556,4703967.483232193
4336,Irma – Puerto Rico,PR,Utuado,40005.52,23224.42418472043,63229.94418472043,30004.14,18488.787826704764,48492.92782670476,0.0,0.0,0.0,0.0,63229.94418472043,48492.92782670476
4336,Irma – Puerto Rico,PR,Vega Baja,149468.94,86771.27718876112,236240.2171887611,128203.26,69077.9552007439,197281.2152007439,703.0,1264283.69,3160709.2249999996,2.5,3396949.4421887607,1461564.9052007438
4336,Irma – Puerto Rico,PR,Vieques,92342.85,53607.84008871803,145950.69008871802,72397.82,42676.79462642216,115074.61462642216,349.0,2472271.59,6180678.975,2.5,6326629.665088718,2587346.204626422
4336,Irma – Puerto Rico,PR,Yauco,190394.53,110529.83006271331,300924.3600627133,142795.9,87991.9588230618,230787.8588230618,0.0,0.0,0.0,0.0,300924.3600627133,230787.8588230618
4337,Irma – Florida,FL,Alachua County,17603450.62,3729491.354608072,21332941.97460807,16106684.23,3517319.707385829,19624003.93738583,21843.0,7596709.25,10852441.785714285,1.4285714285714286,32185383.760322355,27220713.18738583
4337,Irma – Florida,FL,Baker County,1367164.07,289649.26760454563,1656813.3376045458,1263911.36,273171.0521105105,1537082.4121105105,2876.0,1214777.68,1735396.6857142856,1.4285714285714286,3392210.0233188313,2751860.0921105104
4337,Irma – Florida,FL,Bay County,72764.98,15416.089134246637,88181.06913424663,71990.06,14539.064169087076,86529.12416908707,0.0,0.0,0.0,0.0,88181.06913424663,86529.12416908707
4337,Irma – Florida,FL,Bradford County,1311353.71,277825.20767387026,1589178.9176738702,1204159.13,262019.6657521297,1466178.7957521295,3531.0,2915070.87,4164386.9571428574,1.4285714285714286,5753565.874816728,4381249.66575213
4337,Irma – Florida,FL,Brevard County,52691874.0,11163373.180814354,63855247.18081436,48561672.02,10528286.234332103,59089958.25433211,63790.0,25854293.06,36934704.37142857,1.4285714285714286,100789951.55224293,84944251.31433211
4337,Irma – Florida,FL,Broward County,196759626.04,41685766.051934265,238445392.09193423,181817994.95,39314252.93982265,221132247.88982263,305899.0,106248889.12,151784127.31428573,1.4285714285714286,390229519.40621996,327381137.0098226
4337,Irma – Florida,FL,Calhoun County,59431.1,12591.15490647184,72022.25490647183,58519.31,11874.841119167915,70394.15111916792,0.0,0.0,0.0,0.0,72022.25490647183,70394.15111916792
4337,Irma – Florida,FL,Charlotte County,47444144.41,10051581.943987744,57495726.35398774,42904535.13,9479745.064513505,52384280.19451351,14567.0,5253544.180000001,7505063.114285715,1.4285714285714286,65000789.46827345,57637824.37451351
4337,Irma – Florida,FL,Citrus County,3665212.25,776516.9280872841,4441729.178087284,3387691.43,732340.6959786703,4120032.12597867,14247.0,4648499.88,6640714.114285714,1.4285714285714286,11082443.292372998,8768532.00597867
4337,Irma – Florida,FL,Clay County,29750558.17,6302994.332470228,36053552.50247023,27148791.65,5944415.490800489,33093207.140800487,15679.0,9960396.66,14229138.085714286,1.4285714285714286,50282690.58818452,43053603.80080049
4337,Irma – Florida,FL,Collier County,131375031.9,27833295.656576768,159208327.55657676,120848454.13,26249852.86892076,147098306.99892074,71866.0,35752289.04,51074698.62857143,1.4285714285714286,210283026.18514818,182850596.03892073
4337,Irma – Florida,FL,Columbia County,960884.64,203574.3465877197,1164458.9865877198,898117.44,191992.95375399172,1090110.3937539917,8073.0,2944741.38,4206773.4,1.4285714285714286,5371232.38658772,4034851.7737539914
4337,Irma – Florida,FL,DeSoto County,5434632.73,1151388.7941366043,6586021.524136604,4944564.3100000005,1085886.0127068113,6030450.322706812,4445.0,3316208.31,4737440.4428571435,1.4285714285714286,11323461.966993747,9346658.632706812
4337,Irma – Florida,FL,Dixie County,403308.97,85445.59525971426,488754.5652597143,379274.23,80584.57509090794,459858.8050909079,1922.0,831502.97,1187861.3857142858,1.4285714285714286,1676615.9509740002,1291361.775090908
4337,Irma – Florida,FL,Duval County,100080763.97,21203248.84285022,121284012.81285022,91921623.4,19996990.990048893,111918614.39004888,111344.0,44447334.46,63496192.08571429,1.4285714285714286,184780204.89856452,156365948.85004887
4337,Irma – Florida,FL,Flagler County,9203834.08,1949936.9965345543,11153771.076534554,8506209.57,1839004.6185782023,10345214.188578203,9083.0,5244374.3,7491963.285714285,1.4285714285714286,18645734.362248838,15589588.488578204
4337,Irma – Florida,FL,Franklin County,51937.62,11003.5758869257,62941.19588692571,51937.62,10377.579846371982,62315.19984637199,0.0,0.0,0.0,0.0,62941.19588692571,62315.19984637199
4337,Irma – Florida,FL,Gadsden County,514963.26,109100.82730761728,624064.0873076173,480293.23,102894.05538024298,583187.285380243,0.0,0.0,0.0,0.0,624064.0873076173,583187.285380243
4337,Irma – Florida,FL,Gilchrist County,259384.15,54953.48416794452,314337.63416794455,245538.72,51827.16742716218,297365.8874271622,1565.0,560633.03,800904.3285714287,1.4285714285714286,1115241.962739373,857998.9174271622
4337,Irma – Florida,FL,Glades County,1287009.54,272667.61820405594,1559677.158204056,1177141.81,257155.49276983572,1434297.3027698358,1754.0,1054396.8199999998,1506281.1714285712,1.4285714285714286,3065958.3296326273,2488694.1227698354
4337,Irma – Florida,FL,Gulf County,122311.9,25913.168018173877,148225.0680181739,115095.15,24438.961747023932,139534.11174702394,0.0,0.0,0.0,0.0,148225.0680181739,139534.11174702394
4337,Irma – Florida,FL,Hamilton County,706982.36,149782.25896715763,856764.6189671576,651813.24,141261.11074932778,793074.3507493278,619.0,183255.03,261792.9,1.4285714285714286,1118557.5189671575,976329.3807493278
4337,Irma – Florida,FL,Hardee County,8823712.46,1869403.905262156,10693116.365262156,8051390.38,1763053.073958286,9814443.453958286,4057.0,2688152.7800000003,3840218.2571428576,1.4285714285714286,14533334.622405015,12502596.233958285
4337,Irma – Florida,FL,Hendry County,7146294.859999999,1514023.89640413,8660318.75640413,6522689.42,1427890.718045372,7950580.138045372,8124.0,4610569.83,6586528.328571429,1.4285714285714286,15246847.08497556,12561149.968045373
4337,Irma – Florida,FL,Hernando County,3792421.43,803467.6406082582,4595889.070608258,3533414.3,757758.176075785,4291172.476075785,15078.0,6004441.720000001,8577773.885714287,1.4285714285714286,13173662.956322545,10295614.196075786
4337,Irma – Florida,FL,Highlands County,16524277.19,3500856.1816417538,20025133.371641755,15009764.37,3301691.64360647,18311456.01360647,23431.0,9852700.96,14075287.085714288,1.4285714285714286,34100420.45735604,28164156.97360647
4337,Irma – Florida,FL,Hillsborough County,37986975.04,8047972.983116909,46034948.02311691,35453158.89,7590121.892372802,43043280.7823728,129264.0,39167877.73,55954111.04285714,1.4285714285714286,101989059.06597406,82211158.51237279
4337,Irma – Florida,FL,Holmes County,25238.160000000003,5346.991425605809,30585.15142560581,25238.160000000003,5042.799815923632,30280.959815923638,0.0,0.0,0.0,0.0,30585.15142560581,30280.959815923638
4337,Irma – Florida,FL,Indian River County,11920241.6,2525438.844446253,14445680.444446253,10987673.68,2381766.029942167,13369439.709942166,11238.0,4102388.53,5860555.042857143,1.4285714285714286,20306235.487303395,17471828.239942167
4337,Irma – Florida,FL,Jackson County,57860.86,12258.481691937051,70119.34169193705,52811.74,11561.093762666653,64372.83376266665,0.0,0.0,0.0,0.0,70119.34169193705,64372.83376266665
4337,Irma – Florida,FL,Jefferson County,207991.73,44065.41510581272,252057.14510581276,199783.29,41558.52319494121,241341.8131949412,0.0,0.0,0.0,0.0,252057.14510581276,241341.8131949412
4337,Irma – Florida,FL,Lafayette County,122543.9,25962.3198585117,148506.2198585117,116891.64,24485.317327513727,141376.95732751372,971.0,325671.86,465245.51428571425,1.4285714285714286,613751.734144226,467048.8173275137
4337,Irma – Florida,FL,Lake County,19443466.8,4119319.723135569,23562786.52313557,17737933.78,3884970.6476207934,21622904.427620795,38491.0,11726644.63,16752349.471428573,1.4285714285714286,40315135.994564146,33349549.057620794
4337,Irma – Florida,FL,Lee County,140504877.98,29767557.45327117,170272435.43327117,128520103.41,28074074.053493448,156594177.46349344,125234.0,51471509.74,73530728.2,1.4285714285714286,243803163.63327116,208065687.20349345
4337,Irma – Florida,FL,Leon County,5821997.12,1233456.3486617769,7055453.468661777,5413133.96,1163284.7246013144,6576418.684601314,0.0,0.0,0.0,0.0,7055453.468661777,6576418.684601314
4337,Irma – Florida,FL,Levy County,2834355.13,600490.391424408,3434845.521424408,2614770.75,566328.3507128174,3181099.100712817,4283.0,1285485.24,1836407.4857142856,1.4285714285714286,5271253.007138694,4466584.340712817
4337,Irma – Florida,FL,Liberty County,45431.12,9625.09981296848,55056.21981296848,44802.41,9077.525603023532,53879.935603023536,0.0,0.0,0.0,0.0,55056.21981296848,53879.935603023536
4337,Irma – Florida,FL,Madison County,1442224.33,305551.637928838,1747775.967928838,1308888.75,288168.73281747097,1597057.482817471,0.0,0.0,0.0,0.0,1747775.967928838,1597057.482817471
4337,Irma – Florida,FL,Manatee County,23947236.63,5073494.617973867,29020731.247973867,22170825.34,4784862.306509018,26955687.646509018,30821.0,10399445.82,14856351.171428572,1.4285714285714286,43877082.419402435,37355133.466509014
4337,Irma – Florida,FL,Marion County,37108018.97,7861756.136493613,44969775.106493615,33824935.91,7414498.966295743,41239434.87629574,48635.0,18957889.65,27082699.5,1.4285714285714286,72052474.60649362,60197324.52629574
4337,Irma – Florida,FL,Martin County,19873983.91,4210529.672503772,24084513.582503773,18002139.17,3970991.6413485454,21973130.811348543,8219.0,2608734.09,3726762.9857142856,1.4285714285714286,27811276.56821806,24581864.901348542
4337,Irma – Florida,FL,Miami-Dade County,480753482.93,101853096.701853,582606579.631853,440768190.08,96058649.88668144,536826839.9666814,596034.0,223299698.62,318999569.4571429,1.4285714285714286,901606149.0889959,760126538.5866814
4337,Irma – Florida,FL,Monroe County,164713084.26,34896341.461632185,199609425.72163215,151497004.64000002,32911080.3238644,184408084.9638644,39479.0,66865217.900000006,95521739.85714287,1.4285714285714286,295131165.57877505,251273302.8638644
4337,Irma – Florida,FL,Nassau County,10706568.22,2268308.326359911,12974876.546359912,9849494.06,2139263.727981351,11988757.787981352,6391.0,3010929.84,4301328.342857143,1.4285714285714286,17276204.889217056,14999687.627981352
4337,Irma – Florida,FL,Okaloosa County,23244.5,4924.611865226871,28169.11186522687,23244.5,4644.449528857763,27888.949528857764,0.0,0.0,0.0,0.0,28169.11186522687,27888.949528857764
4337,Irma – Florida,FL,Okeechobee County,3205491.27,679119.8064971564,3884611.076497156,2918966.18,640484.5197233398,3559450.69972334,5255.0,2199480.82,3142115.457142857,1.4285714285714286,7026726.533640013,5758931.51972334
4337,Irma – Florida,FL,Orange County,83587438.39,17708950.112040013,101296388.50204,76059403.85,16701483.74234175,92760887.59234177,162422.0,47857927.81,68368468.30000001,1.4285714285714286,169664856.80204,140618815.40234178
4337,Irma – Florida,FL,Osceola County,13545396.87,2869746.483908405,16415143.353908408,12554164.9,2706485.926178792,15260650.826178793,36527.0,10793412.12,15419160.17142857,1.4285714285714286,31834303.52533698,26054062.946178794
4337,Irma – Florida,FL,Palm Beach County,120857986.71,25605139.941039708,146463126.65103972,111622930.24,24148457.46021456,135771387.70021456,158081.0,56678065.39,80968664.84285715,1.4285714285714286,227431791.49389687,192449453.09021455
4337,Irma – Florida,FL,Pasco County,16912677.52,3583143.2118457174,20495820.73184572,15693328.3,3379297.345156372,19072625.64515637,47515.0,16644296.58,23777566.542857144,1.4285714285714286,44273387.27470286,35716922.22515637
4337,Irma – Florida,FL,Pinellas County,51251027.81,10858113.517528808,62109141.32752881,48136037.4,10240392.865651255,58376430.265651256,145023.0,45827196.75,65467423.92857143,1.4285714285714286,127576565.25610024,104203627.01565126
4337,Irma – Florida,FL,Polk County,74513253.66,15786480.805811936,90299734.46581194,67968789.96,14888384.1706574,82857174.13065739,102837.0,40187301.0,57410430.0,1.4285714285714286,147710164.46581194,123044475.13065739
4337,Irma – Florida,FL,Putnam County,12498822.47,2648017.786449536,15146840.256449535,11335269.69,2497371.426878114,13832641.116878117,14001.0,6766261.58,9666087.971428571,1.4285714285714286,24812928.22787811,20598902.696878117
4337,Irma – Florida,FL,Santa Rosa County,3947.44,836.3100888929064,4783.750088892906,3947.44,788.7322096923698,4736.1722096923695,0.0,0.0,0.0,0.0,4783.750088892906,4736.1722096923695
4337,Irma – Florida,FL,Sarasota County,20013596.92,4240108.277575338,24253705.19757534,18725475.55,3998887.51256612,22724363.06256612,30599.0,10364330.25,14806186.07142857,1.4285714285714286,39059891.26900391,33088693.31256612
4337,Irma – Florida,FL,Seminole County,34280075.02,7262624.02651635,41542699.04651635,31658012.92,6849451.6240765685,38507464.54407657,56959.0,20161483.53,28802119.32857143,1.4285714285714286,70344818.37508778,58668948.07407657
4337,Irma – Florida,FL,St. Johns County,32372246.39,6858428.818698692,39230675.20869869,29490217.08,6468251.177444252,35958468.257444255,12344.0,6491986.11,9274265.871428572,1.4285714285714286,48504941.08012726,42450454.367444254
4337,Irma – Florida,FL,St. Lucie County,15620024.72,3309280.0047860374,18929304.72478604,14370816.96,3121014.280864317,17491831.240864318,32878.0,12439541.44,17770773.485714287,1.4285714285714286,36700078.21050033,29931372.68086432
4337,Irma – Florida,FL,Sumter County,30018339.57,6359726.869617814,36378066.43961781,27539812.22,5997920.500461564,33537732.72046156,7081.0,2803720.93,4005315.6142857145,1.4285714285714286,40383382.05390353,36341453.65046156
4337,Irma – Florida,FL,Suwannee County,3037588.97,643547.7933852857,3681136.7633852856,2769131.02,606936.2068695837,3376067.226869584,5191.0,1622039.5699999998,2317199.3857142855,1.4285714285714286,5998336.149099572,4998106.796869583
4337,Irma – Florida,FL,Taylor County,387409.51,82077.11371067255,469486.62371067255,355870.66,77407.72725567411,433278.3872556741,0.0,0.0,0.0,0.0,469486.62371067255,433278.3872556741
4337,Irma – Florida,FL,Union County,235250.21,49840.434316208695,285090.64431620867,215658.92,47005.00019351631,262663.9201935163,1320.0,469412.49,670589.2714285714,1.4285714285714286,955679.9157447801,732076.4101935163
4337,Irma – Florida,FL,Volusia County,51124845.59,10831380.378171423,61956225.96817142,46674915.85,10215180.58092888,56890096.430928886,62206.0,24976178.31,35680254.72857143,1.4285714285714286,97636480.69674285,81866274.74092889
4337,Irma – Florida,FL,Wakulla County,105931.02,22442.69216320356,128373.71216320356,102768.42,21165.922086103048,123934.34208610305,0.0,0.0,0.0,0.0,128373.71216320356,123934.34208610305
4337,Irma – Florida,FL,Walton County,68774.42,14570.64358261508,83345.06358261508,68774.42,13741.716215296776,82516.13621529678,0.0,0.0,0.0,0.0,83345.06358261508,82516.13621529678
4337,Irma – Florida,FL,Washington County,34054.22,7214.774070126105,41268.99407012611,33315.0,6804.323863047974,40119.323863047975,0.0,0.0,0.0,0.0,41268.99407012611,40119.323863047975
4338,Irma – Georgia,GA,Appling County,473086.82,72474.03120345918,545560.8512034592,374464.11,63333.67865360442,437797.7886536044,0.0,0.0,0.0,0.0,545560.8512034592,437797.7886536044
4338,Irma – Georgia,GA,Atkinson County,89187.37,13662.964096810936,102850.33409681093,70801.90000000001,11939.804688577286,82741.7046885773,0.0,0.0,0.0,0.0,102850.33409681093,82741.7046885773
4338,Irma – Georgia,GA,Bacon County,3487370.16,534243.9550394838,4021614.115039484,2619088.98,466865.6401368548,3085954.6201368547,0.0,0.0,0.0,0.0,4021614.115039484,3085954.6201368547
4338,Irma – Georgia,GA,Baker County,55648.2,8524.966692617514,64173.16669261752,43749.59,7449.806393785204,51199.3963937852,0.0,0.0,0.0,0.0,64173.16669261752,51199.3963937852
4338,Irma – Georgia,GA,Baldwin County,493935.05,75667.8535795653,569602.9035795652,409430.86,66124.69933626988,475555.55933626986,0.0,0.0,0.0,0.0,569602.9035795652,475555.55933626986
4338,Irma – Georgia,GA,Banks County,1404406.89,215146.6167842364,1619553.5067842363,1057679.78,188012.54000305475,1245692.3200030548,0.0,0.0,0.0,0.0,1619553.5067842363,1245692.3200030548
4338,Irma – Georgia,GA,Barrow County,175899.62,26946.754823050476,202846.3748230505,147352.17,23548.25697399714,170900.42697399715,0.0,0.0,0.0,0.0,202846.3748230505,170900.42697399715
4338,Irma – Georgia,GA,Ben Hill County,393797.26,60327.35156112936,454124.6115611293,312400.25,52718.926136031245,365119.1761360312,0.0,0.0,0.0,0.0,454124.6115611293,365119.1761360312
4338,Irma – Georgia,GA,Berrien County,154323.92,23641.48845558652,177965.40845558653,129659.9,20659.84750504053,150319.74750504052,0.0,0.0,0.0,0.0,177965.40845558653,150319.74750504052
4338,Irma – Georgia,GA,Bibb County,3091086.99,473535.7771452324,3564622.7671452323,2421797.06,413813.9171051041,2835610.9771051044,0.0,0.0,0.0,0.0,3564622.7671452323,2835610.9771051044
4338,Irma – Georgia,GA,Bleckley County,105738.87,16198.553499754047,121937.42349975403,85859.7,14155.608084315798,100015.3080843158,0.0,0.0,0.0,0.0,121937.42349975403,100015.3080843158
4338,Irma – Georgia,GA,Brantley County,2685544.27,411409.0923569821,3096953.362356982,2023911.75,359522.5878543999,2383434.3378544,0.0,0.0,0.0,0.0,3096953.362356982,2383434.3378544
4338,Irma – Georgia,GA,Brooks County,459609.0,70409.31093237952,530018.3109323796,372461.34,61529.358844333205,433990.6988443332,0.0,0.0,0.0,0.0,530018.3109323796,433990.6988443332
4338,Irma – Georgia,GA,Bryan County,513017.88,78591.22738412468,591609.1073841247,404430.97,68679.38015156158,473110.3501515616,0.0,0.0,0.0,0.0,591609.1073841247,473110.3501515616
4338,Irma – Georgia,GA,Bulloch County,1377902.66,211086.32951594255,1588988.9895159428,1074168.73,184464.33211643217,1258633.0621164322,0.0,0.0,0.0,0.0,1588988.9895159428,1258633.0621164322
4338,Irma – Georgia,GA,Burke County,24498.93,3753.0874719176536,28252.01747191765,18374.2,3279.7518222493472,21653.95182224935,0.0,0.0,0.0,0.0,28252.01747191765,21653.95182224935
4338,Irma – Georgia,GA,Butts County,1787785.63,273877.9142773749,2061663.5442773749,1356689.1,239336.70481868787,1596025.804818688,0.0,0.0,0.0,0.0,2061663.5442773749,1596025.804818688
4338,Irma – Georgia,GA,Camden County,3436165.47,526399.7071257004,3962565.1771257007,2621660.86,460010.7009482776,3081671.5609482774,4846.0,2317215.03,3310307.1857142854,1.4285714285714286,7272872.362839986,5398886.590948277
4338,Irma – Georgia,GA,Candler County,1789507.81,274141.74180708284,2063649.551807083,1352926.93,239567.25868341757,1592494.1886834174,0.0,0.0,0.0,0.0,2063649.551807083,1592494.1886834174
4338,Irma – Georgia,GA,Carroll County,338142.35000000003,51801.35693721295,389943.70693721296,263912.44,45268.22145261759,309180.6614526176,0.0,0.0,0.0,0.0,389943.70693721296,309180.6614526176
4338,Irma – Georgia,GA,Charlton County,769794.72,117927.88173117592,887722.6017311759,587051.3,103054.93487584668,690106.2348758467,731.0,291886.79,416981.12857142853,1.4285714285714286,1304703.7303026044,981993.0248758467
4338,Irma – Georgia,GA,Chatham County,7727667.12,1183831.728782521,8911498.84878252,6010081.0200000005,1034528.0515743488,7044609.071574349,22734.0,4852210.88,6931729.828571429,1.4285714285714286,15843228.677353948,11896819.951574348
4338,Irma – Georgia,GA,Chattahoochee County,21907.0,3356.019517885068,25263.01951788507,16430.25,2932.7616826537505,19363.01168265375,0.0,0.0,0.0,0.0,25263.01951788507,19363.01168265375
4338,Irma – Georgia,GA,Cherokee County,97459.6,14930.219555633888,112389.81955563388,80596.70999999999,13047.23515254309,93643.94515254308,0.0,0.0,0.0,0.0,112389.81955563388,93643.94515254308
4338,Irma – Georgia,GA,Clarke County,529033.51,81044.72475351465,610078.2347535146,430239.91,70823.44487916281,501063.35487916286,0.0,0.0,0.0,0.0,610078.2347535146,501063.35487916286
4338,Irma – Georgia,GA,Clay County,24470.74,3748.768934910799,28219.5089349108,19113.61,3275.9779348236843,22389.587934823685,0.0,0.0,0.0,0.0,28219.5089349108,22389.587934823685
4338,Irma – Georgia,GA,Clayton County,457507.75,70087.41217801078,527595.1621780108,383104.88,61248.0576398928,444352.9376398928,0.0,0.0,0.0,0.0,527595.1621780108,444352.9376398928
4338,Irma – Georgia,GA,Clinch County,512338.42,78487.13823355081,590825.5582335507,390278.69,68588.4186208684,458867.1086208684,0.0,0.0,0.0,0.0,590825.5582335507,458867.1086208684
4338,Irma – Georgia,GA,Cobb County,33657.83,5156.175396432994,38814.00539643299,26750.72,4505.8836967760935,31256.603696776096,0.0,0.0,0.0,0.0,38814.00539643299,31256.603696776096
4338,Irma – Georgia,GA,Coffee County,606348.67,92888.93829203692,699237.6082920369,482414.87,81173.87801634472,563588.7480163447,681.0,221990.9,317129.85714285716,1.4285714285714286,1016367.4654348941,785579.6480163448
4338,Irma – Georgia,GA,Colquitt County,1812865.6,277720.01355285634,2090585.6135528565,1386234.15,242694.24236459125,1628928.3923645914,0.0,0.0,0.0,0.0,2090585.6135528565,1628928.3923645914
4338,Irma – Georgia,GA,Columbia County,294903.34,45177.40288170431,340080.7428817043,241944.43,39479.67387769256,281424.10387769254,0.0,0.0,0.0,0.0,340080.7428817043,281424.10387769254
4338,Irma – Georgia,GA,Cook County,499749.62,76558.61043390907,576308.2304339091,410074.11,66903.11482433799,476977.224824338,0.0,0.0,0.0,0.0,576308.2304339091,476977.224824338
4338,Irma – Georgia,GA,Coweta County,1475837.52,226089.35602077396,1701926.876020774,1127800.03,197575.19187833744,1325375.2218783374,0.0,0.0,0.0,0.0,1701926.876020774,1325375.2218783374
4338,Irma – Georgia,GA,Crawford County,17670.24,2706.973584959759,20377.21358495976,14744.71,2365.572775610335,17110.282775610336,0.0,0.0,0.0,0.0,20377.21358495976,17110.282775610336
4338,Irma – Georgia,GA,Crisp County,567558.1799999999,86946.47051697296,654504.6505169729,439981.23,75980.86835170037,515962.0983517004,0.0,0.0,0.0,0.0,654504.6505169729,515962.0983517004
4338,Irma – Georgia,GA,Dawson County,77233.65000000001,11831.726700940528,89065.37670094054,65550.79000000001,10339.521127105074,75890.31112710509,0.0,0.0,0.0,0.0,89065.37670094054,75890.31112710509
4338,Irma – Georgia,GA,DeKalb County,4374557.569999999,670155.6848053989,5044713.254805398,3464312.65,585636.3180654084,4049948.968065408,0.0,0.0,0.0,0.0,5044713.254805398,4049948.968065408
4338,Irma – Georgia,GA,Decatur County,252832.78,38732.4482786845,291565.2282786845,204689.33,33847.55052279296,238536.88052279296,0.0,0.0,0.0,0.0,291565.2282786845,238536.88052279296
4338,Irma – Georgia,GA,Dodge County,414924.46,63563.91044907665,478488.37044907664,311193.35,55547.29344427802,366740.643444278,0.0,0.0,0.0,0.0,478488.37044907664,366740.643444278
4338,Irma – Georgia,GA,Dooly County,435617.47,66733.95406270659,502351.42406270665,327373.26000000007,58317.53431828045,385690.7943182805,0.0,0.0,0.0,0.0,502351.42406270665,385690.7943182805
4338,Irma – Georgia,GA,Dougherty County,868306.3,133019.25824177513,1001325.5582417751,698664.25,116243.00202888814,814907.2520288881,0.0,0.0,0.0,0.0,1001325.5582417751,814907.2520288881
4338,Irma – Georgia,GA,Douglas County,17909.86,2743.6819154877007,20653.5419154877,13432.39,2397.6514880948143,15830.041488094814,0.0,0.0,0.0,0.0,20653.5419154877,15830.041488094814
4338,Irma – Georgia,GA,Early County,67617.65999999999,10358.615361013211,77976.2753610132,55486.46,9052.19712049615,64538.65712049615,0.0,0.0,0.0,0.0,77976.2753610132,64538.65712049615
4338,Irma – Georgia,GA,Echols County,144262.91,22100.202751033776,166363.11275103377,110570.61,19312.947216694505,129883.5572166945,0.0,0.0,0.0,0.0,166363.11275103377,129883.5572166945
4338,Irma – Georgia,GA,Effingham County,352354.03,53978.50010889035,406332.5301088904,273540.28,47170.78549836263,320711.06549836264,0.0,0.0,0.0,0.0,406332.5301088904,320711.06549836264
4338,Irma – Georgia,GA,Elbert County,55462.92,8496.582920477385,63959.50292047738,47143.48,7425.002354685276,54568.48235468528,0.0,0.0,0.0,0.0,63959.50292047738,54568.48235468528
4338,Irma – Georgia,GA,Emanuel County,608283.65,93185.36549095584,701469.0154909559,469291.02,81432.92011251039,550723.9401125105,0.0,0.0,0.0,0.0,701469.0154909559,550723.9401125105
4338,Irma – Georgia,GA,Evans County,259828.81,39804.19763860186,299633.0076386019,200268.25,34784.13192210351,235052.38192210352,0.0,0.0,0.0,0.0,299633.0076386019,235052.38192210352
4338,Irma – Georgia,GA,Fayette County,300427.21,46023.62625935801,346450.836259358,253582.48,40219.1724067454,293801.65240674536,0.0,0.0,0.0,0.0,346450.836259358,293801.65240674536
4338,Irma – Georgia,GA,Forsyth County,2296456.62,351803.22448059404,2648259.844480594,1738855.6,307434.15260019834,2046289.752600198,0.0,0.0,0.0,0.0,2648259.844480594,2046289.752600198
4338,Irma – Georgia,GA,Franklin County,117303.1,17970.12339016862,135273.22339016863,91723.3,15703.74934662442,107427.04934662442,0.0,0.0,0.0,0.0,135273.22339016863,107427.04934662442
4338,Irma – Georgia,GA,Fulton County,3450697.5,528625.9259742188,3979323.425974218,2728088.0,461956.1512954348,3190044.1512954347,0.0,0.0,0.0,0.0,3979323.425974218,3190044.1512954347
4338,Irma – Georgia,GA,Gilmer County,41271.92,6322.607799360529,47594.52779936053,33299.05,5525.206808123019,38824.25680812302,0.0,0.0,0.0,0.0,47594.52779936053,38824.25680812302
4338,Irma – Georgia,GA,Glascock County,21661.85,3318.464024900656,24980.314024900654,18412.57,2899.9426509970854,21312.512650997087,0.0,0.0,0.0,0.0,24980.314024900654,21312.512650997087
4338,Irma – Georgia,GA,Glynn County,18700468.97,2864798.414065097,21565267.38406509,14131808.62,2503492.894639679,16635301.51463968,11081.0,4613225.220000001,6590321.742857144,1.4285714285714286,28155589.126922235,21248526.734639682
4338,Irma – Georgia,GA,Gordon County,43149.06,6610.174261121736,49759.23426112173,36471.23,5776.505674466045,42247.73567446605,0.0,0.0,0.0,0.0,49759.23426112173,42247.73567446605
4338,Irma – Georgia,GA,Grady County,470500.39,72077.80581606503,542578.1958160651,364069.62,62987.424816982966,427057.0448169829,0.0,0.0,0.0,0.0,542578.1958160651,427057.0448169829
4338,Irma – Georgia,GA,Greene County,138180.38,21168.396050065072,159348.77605006506,111820.17,18498.65904772605,130318.82904772606,0.0,0.0,0.0,0.0,159348.77605006506,130318.82904772606
4338,Irma – Georgia,GA,Gwinnett County,2626266.89,402328.1573020184,3028595.0473020184,2153618.99,351586.9312737588,2505205.921273759,0.0,0.0,0.0,0.0,3028595.0473020184,2505205.921273759
4338,Irma – Georgia,GA,Habersham County,4045463.93,619740.535353085,4665204.465353085,3093884.75,541579.4769919137,3635464.2269919137,0.0,0.0,0.0,0.0,4665204.465353085,3635464.2269919137
4338,Irma – Georgia,GA,Hall County,1102447.2,168888.22388450007,1271335.4238845,923311.18,147588.20949052428,1070899.3894905243,0.0,0.0,0.0,0.0,1271335.4238845,1070899.3894905243
4338,Irma – Georgia,GA,Hancock County,98728.84,15124.65942475702,113853.499424757,81908.02,13217.152459252884,95125.17245925288,0.0,0.0,0.0,0.0,113853.499424757,95125.17245925288
4338,Irma – Georgia,GA,Haralson County,283073.33,43365.117107441496,326438.4471074415,213275.76,37895.9517782079,251171.7117782079,0.0,0.0,0.0,0.0,326438.4471074415,251171.7117782079
4338,Irma – Georgia,GA,Harris County,82596.36,12653.261344148515,95249.62134414852,70206.90000000001,11057.444640282783,81264.3446402828,0.0,0.0,0.0,0.0,95249.62134414852,81264.3446402828
4338,Irma – Georgia,GA,Hart County,1099847.49,168489.96408165892,1268337.454081659,839256.2000000001,147240.17781690345,986496.3778169036,0.0,0.0,0.0,0.0,1268337.454081659,986496.3778169036
4338,Irma – Georgia,GA,Henry County,321351.56,49229.1097577402,370580.6697577402,255893.2,43020.38352257304,298913.58352257306,0.0,0.0,0.0,0.0,370580.6697577402,298913.58352257306
4338,Irma – Georgia,GA,Houston County,1028219.97,157517.06249140453,1185737.0324914046,840970.58,137651.1676338791,978621.7476338792,0.0,0.0,0.0,0.0,1185737.0324914046,978621.7476338792
4338,Irma – Georgia,GA,Irwin County,884323.6,135473.01144503528,1019796.6114450352,669517.95,118387.29032484697,787905.2403248469,0.0,0.0,0.0,0.0,1019796.6114450352,787905.2403248469
4338,Irma – Georgia,GA,Jackson County,4704090.25,720638.0925226115,5424728.342522612,3550100.1,629751.9348584973,4179852.034858497,0.0,0.0,0.0,0.0,5424728.342522612,4179852.034858497
4338,Irma – Georgia,GA,Jasper County,308618.8,47278.52815932206,355897.32815932203,240362.46,41315.80733037757,281678.2673303776,0.0,0.0,0.0,0.0,355897.32815932203,281678.2673303776
4338,Irma – Georgia,GA,Jefferson County,724474.06,110985.0315224101,835459.0915224102,554472.5099999999,96987.71001253456,651460.2200125344,0.0,0.0,0.0,0.0,835459.0915224102,651460.2200125344
4338,Irma – Georgia,GA,Jenkins County,347149.49,53181.19615026463,400330.68615026464,265139.6,46474.036719988646,311613.6367199886,0.0,0.0,0.0,0.0,400330.68615026464,311613.6367199886
4338,Irma – Georgia,GA,Johnson County,40034.41,6133.028773771543,46167.43877377154,34029.25,5359.537300207703,39388.7873002077,0.0,0.0,0.0,0.0,46167.43877377154,39388.7873002077
4338,Irma – Georgia,GA,Jones County,1406774.05,215509.2513376649,1622283.301337665,1061970.53,188329.4394481961,1250299.969448196,0.0,0.0,0.0,0.0,1622283.301337665,1250299.969448196
4338,Irma – Georgia,GA,Lamar County,169119.88,25908.13977917472,195028.01977917476,132082.51,22640.631023828017,154723.14102382804,0.0,0.0,0.0,0.0,195028.01977917476,154723.14102382804
4338,Irma – Georgia,GA,Lanier County,59334.32,9089.657917580607,68423.9779175806,48607.51,7943.279324522576,56550.78932452258,0.0,0.0,0.0,0.0,68423.9779175806,56550.78932452258
4338,Irma – Georgia,GA,Laurens County,1302715.74,199568.14943607475,1502283.8894360748,1031195.44,174398.81342319466,1205594.2534231946,0.0,0.0,0.0,0.0,1502283.8894360748,1205594.2534231946
4338,Irma – Georgia,GA,Lee County,105650.76,16185.055582206192,121835.8155822062,86959.27,14143.812510669995,101103.08251067,0.0,0.0,0.0,0.0,121835.8155822062,101103.08251067
4338,Irma – Georgia,GA,Liberty County,1044585.4,160024.14709899947,1204609.5470989994,802555.29,139842.0612306359,942397.351230636,2088.0,713130.16,1018757.3714285715,1.4285714285714286,2223366.918527571,1655527.511230636
4338,Irma – Georgia,GA,Lincoln County,13321.53,2040.7775910937817,15362.307591093782,11323.3,1783.3967562113671,13106.696756211366,0.0,0.0,0.0,0.0,15362.307591093782,13106.696756211366
4338,Irma – Georgia,GA,Long County,102627.86,15721.965638324566,118349.82563832456,81587.47,13739.12700875307,95326.59700875307,0.0,0.0,0.0,0.0,118349.82563832456,95326.59700875307
4338,Irma – Georgia,GA,Lowndes County,1763725.45,270192.0406441149,2033917.4906441148,1443039.22,236115.6898927851,1679154.9098927851,0.0,0.0,0.0,0.0,2033917.4906441148,1679154.9098927851
4338,Irma – Georgia,GA,Lumpkin County,1311494.7799999998,200913.0451127212,1512407.825112721,1016681.3,175574.0921981289,1192255.3921981289,0.0,0.0,0.0,0.0,1512407.825112721,1192255.3921981289
4338,Irma – Georgia,GA,Macon County,104420.96,15996.657681850367,120417.61768185036,82604.18000000001,13979.175165651162,96583.35516565116,0.0,0.0,0.0,0.0,120417.61768185036,96583.35516565116
4338,Irma – Georgia,GA,Madison County,106311.78,16286.319836632283,122598.09983663227,86975.87,14232.305418300786,101208.1754183008,0.0,0.0,0.0,0.0,122598.09983663227,101208.1754183008
4338,Irma – Georgia,GA,Marion County,21677.09,3320.798700458813,24997.88870045881,17833.56,2901.982879601808,20735.54287960181,0.0,0.0,0.0,0.0,24997.88870045881,20735.54287960181
4338,Irma – Georgia,GA,McDuffie County,195271.31,29914.38022746089,225185.69022746087,161813.04,26141.608421490942,187954.6484214909,0.0,0.0,0.0,0.0,225185.69022746087,187954.6484214909
4338,Irma – Georgia,GA,McIntosh County,3256572.37,498887.1335703307,3755459.503570331,2564873.99,435967.9857362904,3000841.97573629,1552.0,629344.69,899063.8428571428,1.4285714285714286,4654523.346427473,3630186.66573629
4338,Irma – Georgia,GA,Meriwether County,23356.98,3578.1476586867752,26935.12765868677,17977.61,3126.875243826631,21104.48524382663,0.0,0.0,0.0,0.0,26935.12765868677,21104.48524382663
4338,Irma – Georgia,GA,Miller County,33216.82,5088.615339483958,38305.43533948396,25243.9,4446.844246843783,29690.744246843784,0.0,0.0,0.0,0.0,38305.43533948396,29690.744246843784
4338,Irma – Georgia,GA,Mitchell County,372645.94,57087.097635487655,429733.0376354877,292329.47,49887.32980455966,342216.7998045596,0.0,0.0,0.0,0.0,429733.0376354877,342216.7998045596
4338,Irma – Georgia,GA,Monroe County,282376.77,43258.40834059172,325635.1783405917,221157.38,37802.70101463145,258960.08101463143,0.0,0.0,0.0,0.0,325635.1783405917,258960.08101463143
4338,Irma – Georgia,GA,Montgomery County,37862.4,5800.290016614398,43662.6900166144,29791.66,5068.763223321741,34860.42322332174,0.0,0.0,0.0,0.0,43662.6900166144,34860.42322332174
4338,Irma – Georgia,GA,Morgan County,149565.18,22912.478352854952,172477.65835285495,121230.98,20022.779429552706,141253.7594295527,0.0,0.0,0.0,0.0,172477.65835285495,141253.7594295527
4338,Irma – Georgia,GA,Muscogee County,484062.56,74155.4479954997,558218.0079954996,404773.16,64803.0368364122,469576.1968364122,0.0,0.0,0.0,0.0,558218.0079954996,469576.1968364122
4338,Irma – Georgia,GA,Newton County,2972741.97,455406.0379310772,3428148.0079310774,2265544.78,397970.68252305774,2663515.4625230576,0.0,0.0,0.0,0.0,3428148.0079310774,2663515.4625230576
4338,Irma – Georgia,GA,Oconee County,62267.39,9538.986450347447,71806.37645034745,50800.28,8335.938990772689,59136.218990772686,0.0,0.0,0.0,0.0,71806.37645034745,59136.218990772686
4338,Irma – Georgia,GA,Oglethorpe County,59014.63,9040.68334873628,68055.31334873628,48448.87,7900.481379467225,56349.351379467225,0.0,0.0,0.0,0.0,68055.31334873628,56349.351379467225
4338,Irma – Georgia,GA,Peach County,1308958.81,200524.54989124995,1509483.35989125,1004210.18,175234.5936066121,1179444.773606612,0.0,0.0,0.0,0.0,1509483.35989125,1179444.773606612
4338,Irma – Georgia,GA,Pickens County,2723841.74,417276.032458576,3141117.772458576,2057407.28,364649.5953204418,2422056.875320442,0.0,0.0,0.0,0.0,3141117.772458576,2422056.875320442
4338,Irma – Georgia,GA,Pierce County,656939.93,100639.2124507258,757579.1424507259,504686.16,87946.69532611663,592632.8553261166,0.0,0.0,0.0,0.0,757579.1424507259,592632.8553261166
4338,Irma – Georgia,GA,Putnam County,106135.79,16259.359236141454,122395.14923614144,90215.42,14208.745061860824,104424.16506186084,0.0,0.0,0.0,0.0,122395.14923614144,104424.16506186084
4338,Irma – Georgia,GA,Quitman County,17605.32,2697.028234747448,20302.34823474745,13974.78,2356.881723050062,16331.661723050063,0.0,0.0,0.0,0.0,20302.34823474745,16331.661723050063
4338,Irma – Georgia,GA,Rabun County,143888.46,22042.839282349243,165931.29928234924,117531.83,19262.81837148203,136794.64837148204,0.0,0.0,0.0,0.0,165931.29928234924,136794.64837148204
4338,Irma – Georgia,GA,Randolph County,111218.07,17037.93370436426,128256.00370436428,91066.54,14889.1264944859,105955.66649448592,0.0,0.0,0.0,0.0,128256.00370436428,105955.66649448592
4338,Irma – Georgia,GA,Richmond County,584685.59,89570.28583859709,674255.8758385971,490281.28,78273.77070122794,568555.050701228,0.0,0.0,0.0,0.0,674255.8758385971,568555.050701228
4338,Irma – Georgia,GA,Rockdale County,990716.36,151771.73692646413,1142488.0969264642,779928.5800000001,132630.43680039252,912559.0168003928,0.0,0.0,0.0,0.0,1142488.0969264642,912559.0168003928
4338,Irma – Georgia,GA,Schley County,31502.07,4825.926040707612,36327.996040707614,24939.99,4217.285060495559,29157.27506049556,0.0,0.0,0.0,0.0,36327.996040707614,29157.27506049556
4338,Irma – Georgia,GA,Screven County,26649.61,4082.558602456981,30732.16860245698,21696.6,3567.6703823283065,25264.27038232831,0.0,0.0,0.0,0.0,30732.16860245698,25264.27038232831
4338,Irma – Georgia,GA,Spalding County,757164.02,115992.9351056886,873156.9551056887,592881.76,101364.02178938597,694245.781789386,0.0,0.0,0.0,0.0,873156.9551056887,694245.781789386
4338,Irma – Georgia,GA,Stephens County,299996.59,45957.657887385976,345954.247887386,244578.89,40161.5239000679,284740.4139000679,0.0,0.0,0.0,0.0,345954.247887386,284740.4139000679
4338,Irma – Georgia,GA,Stewart County,44814.6,6865.324886393033,51679.92488639303,37017.28,5999.47695729469,43016.75695729469,0.0,0.0,0.0,0.0,51679.92488639303,43016.75695729469
4338,Irma – Georgia,GA,Sumter County,660652.53,101207.9602510682,761860.4902510683,499642.26,88443.71322099135,588085.9732209913,0.0,0.0,0.0,0.0,761860.4902510683,588085.9732209913
4338,Irma – Georgia,GA,Talbot County,28980.73,4439.672046494606,33420.4020464946,24064.74,3879.7450348899447,27944.48503488994,0.0,0.0,0.0,0.0,33420.4020464946,27944.48503488994
4338,Irma – Georgia,GA,Taliaferro County,6150.0,942.142695713387,7092.142695713387,4612.5,823.3205983621932,5435.820598362193,0.0,0.0,0.0,0.0,7092.142695713387,5435.820598362193
4338,Irma – Georgia,GA,Tattnall County,1189746.86,182262.00225966464,1372008.8622596646,909903.36,159275.3002723155,1069178.6602723156,0.0,0.0,0.0,0.0,1372008.8622596646,1069178.6602723156
4338,Irma – Georgia,GA,Taylor County,1791669.2399999998,274472.8597724155,2066142.0997724151,1351385.94,239856.6163811277,1591242.5563811278,0.0,0.0,0.0,0.0,2066142.0997724151,1591242.5563811278
4338,Irma – Georgia,GA,Telfair County,209587.4,32107.51837781462,241694.9183778146,167118.13,28058.150175150626,195176.28017515063,0.0,0.0,0.0,0.0,241694.9183778146,195176.28017515063
4338,Irma – Georgia,GA,Terrell County,38448.36,5890.055534334758,44338.41553433476,29869.64,5147.207603454474,35016.84760345447,0.0,0.0,0.0,0.0,44338.41553433476,35016.84760345447
4338,Irma – Georgia,GA,Thomas County,754857.1799999999,115639.54121037484,870496.7212103747,590223.64,101055.19757977198,691278.837579772,0.0,0.0,0.0,0.0,870496.7212103747,691278.837579772
4338,Irma – Georgia,GA,Tift County,350923.81,53759.39908022966,404683.2090802296,279010.24,46979.31727296595,325989.557272966,0.0,0.0,0.0,0.0,404683.2090802296,325989.557272966
4338,Irma – Georgia,GA,Toombs County,1465964.25,224576.8309454396,1690541.0809454396,1105779.98,196253.4249573307,1302033.4049573308,0.0,0.0,0.0,0.0,1690541.0809454396,1302033.4049573308
4338,Irma – Georgia,GA,Towns County,348737.79,53424.51407605351,402162.3040760535,261553.34,46686.66763159494,308240.00763159496,0.0,0.0,0.0,0.0,402162.3040760535,308240.00763159496
4338,Irma – Georgia,GA,Treutlen County,95247.51,14591.34078559151,109838.85078559152,77199.98,12751.09543507463,89951.07543507463,0.0,0.0,0.0,0.0,109838.85078559152,89951.07543507463
4338,Irma – Georgia,GA,Troup County,456289.72,69900.81737026123,526190.5373702612,350281.57,61084.99598323863,411366.5659832386,0.0,0.0,0.0,0.0,526190.5373702612,411366.5659832386
4338,Irma – Georgia,GA,Turner County,139202.16,21324.926548215644,160527.08654821565,111275.92,18635.44807553004,129911.36807553004,0.0,0.0,0.0,0.0,160527.08654821565,129911.36807553004
4338,Irma – Georgia,GA,Twiggs County,118711.39,18185.86487585093,136897.25487585092,97649.91,15892.28173125328,113542.19173125328,0.0,0.0,0.0,0.0,136897.25487585092,113542.19173125328
4338,Irma – Georgia,GA,Union County,27804.66,4259.5052562266965,32064.165256226697,22470.23,3722.300700562169,26192.53070056217,0.0,0.0,0.0,0.0,32064.165256226697,26192.53070056217
4338,Irma – Georgia,GA,Upson County,286200.86,43844.23573266499,330045.095732665,225216.43,38314.644440158416,263531.07444015844,0.0,0.0,0.0,0.0,330045.095732665,263531.07444015844
4338,Irma – Georgia,GA,Walker County,59796.34,9160.436579088491,68956.77657908849,47398.28,8005.131451816121,55403.41145181612,0.0,0.0,0.0,0.0,68956.77657908849,55403.41145181612
4338,Irma – Georgia,GA,Walton County,2316418.59,354861.2772005208,2671279.867200521,1767148.61,310106.5267603428,2077255.1367603429,0.0,0.0,0.0,0.0,2671279.867200521,2077255.1367603429
4338,Irma – Georgia,GA,Ware County,329889.62,50537.08876010811,380426.7087601081,258700.73,44163.4015173783,302864.13151737826,0.0,0.0,0.0,0.0,380426.7087601081,302864.13151737826
4338,Irma – Georgia,GA,Warren County,78309.20999999999,11996.495968875726,90305.70596887571,64093.77,10483.50985926352,74577.27985926352,0.0,0.0,0.0,0.0,90305.70596887571,74577.27985926352
4338,Irma – Georgia,GA,Washington County,1362957.85,208796.87527523935,1571754.7252752392,1038536.47,182463.6215616989,1221000.0915616988,0.0,0.0,0.0,0.0,1571754.7252752392,1221000.0915616988
4338,Irma – Georgia,GA,Wayne County,827071.31,126702.3078944069,953773.6178944068,655513.28,110722.73916055332,766236.0191605533,0.0,0.0,0.0,0.0,953773.6178944068,766236.0191605533
4338,Irma – Georgia,GA,Webster County,21012.16,3218.935457749757,24231.09545774976,17333.28,2812.966527493031,20146.24652749303,0.0,0.0,0.0,0.0,24231.09545774976,20146.24652749303
4338,Irma – Georgia,GA,Wheeler County,763119.4,116905.26319791585,880024.6631979159,574485.2799999999,102161.28797232483,676646.5679723248,0.0,0.0,0.0,0.0,880024.6631979159,676646.5679723248
4338,Irma – Georgia,GA,White County,217221.07,33276.95031797502,250498.02031797505,171231.27,29080.094525085504,200311.3645250855,0.0,0.0,0.0,0.0,250498.02031797505,200311.3645250855
4338,Irma – Georgia,GA,Wilcox County,5707.12,874.2961661072823,6581.416166107282,4280.34,764.0308054186733,5044.370805418674,0.0,0.0,0.0,0.0,6581.416166107282,5044.370805418674
4338,Irma – Georgia,GA,Wilkes County,928370.76,142220.76917851804,1070591.529178518,707294.55,124284.0275813275,831578.5775813275,0.0,0.0,0.0,0.0,1070591.529178518,831578.5775813275
4338,Irma – Georgia,GA,Wilkinson County,83735.04000000001,12827.700213214355,96562.74021321436,67092.21,11209.883453119051,78302.09345311906,0.0,0.0,0.0,0.0,96562.74021321436,78302.09345311906
4338,Irma – Georgia,GA,Worth County,546626.46,83739.85797929527,630366.3179792953,431644.34,73178.67058988738,504823.0105898874,0.0,0.0,0.0,0.0,630366.3179792953,504823.0105898874
4339,Maria – Puerto Rico,PR,Adjuntas,36306582.67,149020375.00829044,185326957.67829043,32772147.96,136903650.68642724,169675798.64642724,5668.0,11966670.85,29916677.125,2.5,215243634.80329043,181642469.49642724
4339,Maria – Puerto Rico,PR,Aguada,89697701.78,368164232.864646,457861934.6446459,81685431.37,338229101.413373,419914532.783373,12603.0,18512696.35,46281740.875,2.5,504143675.5196459,438427229.133373
4339,Maria – Puerto Rico,PR,Aguadilla,116874939.02,479713207.9363358,596588146.9563358,105755146.47,440708120.9219067,546463267.3919067,17500.0,16253298.64,40633246.6,2.5,637221393.5563358,562716566.0319067
4339,Maria – Puerto Rico,PR,Aguas Buenas,42391480.84,173995840.6262629,216387321.4662629,38820051.89,159848381.70393777,198668433.59393772,8043.0,12545060.45,31362651.125,2.5,247749972.5912629,211213494.0439377
4339,Maria – Puerto Rico,PR,Aibonito,43269327.48,177598962.31583634,220868289.79583636,39379372.29,163158536.52768326,202537908.81768325,8216.0,17329419.28,43323548.2,2.5,264191837.99583638,219867328.09768325
4339,Maria – Puerto Rico,PR,Anasco,340516738.38,1397651013.0741954,1738167751.4541955,308801819.62,1284009156.9008317,1592810976.5208316,9113.0,17026167.990000002,42565419.97500001,2.5,1780733171.4291954,1609837144.5108316
4339,Maria – Puerto Rico,PR,Arecibo,159916763.23,656378383.0401075,816295146.2701075,144601350.1,603008795.7089465,747610145.8089465,29859.0,40988338.14,102470845.35,2.5,918765991.6201075,788598483.9489465
4339,Maria – Puerto Rico,PR,Arroyo,45387783.5,186294165.4256522,231681948.9256522,41361264.79,171146739.81282154,212508004.60282156,5913.0,9687821.89,24219554.725,2.5,255901503.6506522,222195826.49282157
4339,Maria – Puerto Rico,PR,Barceloneta,46719781.62,191761351.9454332,238481133.5654332,42615172.84,176169393.88613197,218784566.726132,8321.0,12577487.52,31443718.799999997,2.5,269924852.3654332,231362054.24613202
4339,Maria – Puerto Rico,PR,Barranquitas,171961768.51,705817109.3481497,877778877.8581496,154960404.34,648427699.7781488,803388104.1181488,9848.0,21622585.59,54056463.975,2.5,931835341.8331497,825010689.7081488
4339,Maria – Puerto Rico,PR,Bayamon,310873876.99,1275981883.2415314,1586855760.2315314,282751943.62,1172232844.1046393,1454984787.7246394,63254.0,48970302.84,122425757.10000001,2.5,1709281517.3315313,1503955090.5646393
4339,Maria – Puerto Rico,PR,Cabo Rojo,24689589.45,101338424.27642971,126028013.72642972,22971828.0,93098680.21390676,116070508.21390676,14291.0,6757031.19,16892577.975,2.5,142920591.70142972,122827539.40390676
4339,Maria – Puerto Rico,PR,Caguas,234549482.05,962708390.6735332,1197257872.7235332,212355148.57,884431361.9686542,1096786510.538654,42621.0,39068627.21,97671568.025,2.5,1294929440.7485332,1135855137.7486541
4339,Maria – Puerto Rico,PR,Camuy,9731710.68,39943808.2120601,49675518.8920601,9062516.97,36696009.96672632,45758526.93672632,10439.0,9667489.08,24168722.7,2.5,73844241.5920601,55426016.016726315
4339,Maria – Puerto Rico,PR,Canovanas,69817275.42,286565019.34406644,356382294.76406646,63589787.84,263264652.93787345,326854440.77787346,15853.0,34459216.99,86148042.47500001,2.5,442530337.2390665,361313657.76787347
4339,Maria – Puerto Rico,PR,Carolina,203444713.24,835038861.5761977,1038483574.8161978,185816753.06,767142537.444693,952959290.504693,52065.0,29855523.63,74638809.075,2.5,1113122383.8911977,982814814.134693
4339,Maria – Puerto Rico,PR,Catano,34948851.47,143447567.05708545,178396418.52708545,31969606.69,131783963.17354944,163753569.86354944,7708.0,8664934.27,21662335.674999997,2.5,200058754.20208544,172418504.13354945
4339,Maria – Puerto Rico,PR,Cayey,108962906.81,447238270.32712585,556201177.1371258,99109843.17,410873693.8224752,509983536.9924752,14482.0,21283934.9,53209837.25,2.5,609411014.3871258,531267471.8924752
4339,Maria – Puerto Rico,PR,Ceiba,23894925.37,98076725.41912945,121971650.78912944,21790865.93,90102187.4123062,111893053.3423062,4091.0,5672614.069999999,14181535.174999999,2.5,136153185.96412945,117565667.41230619
4339,Maria – Puerto Rico,PR,Ciales,53867571.63,221099457.3091984,274967028.9391984,48587275.74,203122041.99414444,251709317.73414445,6049.0,15244663.21,38111658.025000006,2.5,313078686.96419835,266953980.94414446
4339,Maria – Puerto Rico,PR,Cidra,51022677.32,209422588.1092376,260445265.4292376,47035503.56,192394609.4402162,239430113.00021625,13318.0,18274288.02,45685720.05,2.5,306130985.4792376,257704401.02021626
4339,Maria – Puerto Rico,PR,Coamo,105620989.66,433521370.79223394,539142360.4522339,95925061.18,398272104.12495095,494197165.30495095,12203.0,17070069.82,42675174.55,2.5,581817535.0022339,511267235.12495095
4339,Maria – Puerto Rico,PR,Comerio,60444375.32,248093949.2212544,308538324.5412544,54965110.07,227921633.93571687,282886744.00571686,6583.0,17731063.55,44327658.875,2.5,352865983.4162544,300617807.5557169
4339,Maria – Puerto Rico,PR,Corozal,71499568.04,293469989.7012252,364969557.7412252,65175869.5,269608185.82539976,334784055.32539976,11230.0,25628773.43,64071933.575,2.5,429041491.3162252,360412828.75539976
4339,Maria – Puerto Rico,PR,Culebra,9190237.03,37721329.51960023,46911566.54960023,8324267.939999999,34654239.19173245,42978507.13173245,564.0,898063.8,2245159.5,2.5,49156726.04960023,43876570.931732446
4339,Maria – Puerto Rico,PR,Dorado,50071593.56,205518864.64763495,255590458.207635,45802305.52,188808294.5276821,234610600.0476821,11113.0,16621184.79,41552961.974999994,2.5,297143420.18263495,251231784.8376821
4339,Maria – Puerto Rico,PR,Fajardo,40781107.48,167386062.8845297,208167170.3645297,37132766.12,153776039.5626781,190908805.6826781,11288.0,8685887.86,21714719.65,2.5,229881890.0145297,199594693.54267812
4339,Maria – Puerto Rico,PR,Florida,5227423.59,21455961.0522822,26683384.642282195,4894534.05,19711394.477968626,24605928.527968623,4183.0,6460300.81,16150752.024999999,2.5,42834136.667282194,31066229.33796862
4339,Maria – Puerto Rico,PR,Guanica,13064523.82,53623340.336292334,66687864.156292334,11970338.45,49263270.56706678,61233609.01706678,5783.0,4454226.3,11135565.75,2.5,77823429.90629233,65687835.317066774
4339,Maria – Puerto Rico,PR,Guayama,58477880.3,240022470.06289008,298500350.36289006,53176415.68,220506440.1197168,273682855.79971683,12802.0,25784427.800000004,64461069.500000015,2.5,362961419.86289006,299467283.59971684
4339,Maria – Puerto Rico,PR,Guayanilla,101508454.1,416641467.8568214,518149921.95682144,91756092.45,382764692.23606026,474520784.68606025,6459.0,6618354.46,16545886.15,2.5,534695808.1068214,481139139.1460602
4339,Maria – Puerto Rico,PR,Guaynabo,158090766.32,648883578.3991567,806974344.7191567,143898477.63,596123387.478893,740021865.108893,28010.0,22085372.26,55213430.650000006,2.5,862187775.3691567,762107237.368893
4339,Maria – Puerto Rico,PR,Gurabo,36818069.87,151119774.31140694,187937844.18140692,33844246.980000004,138832349.55615696,172676596.53615695,12837.0,12603289.2,31508223.0,2.5,219446067.18140692,185279885.73615694
4339,Maria – Puerto Rico,PR,Hatillo,23099346.24,94811270.73894183,117910616.97894184,20991434.33,87102244.17069314,108093678.50069314,11252.0,13342246.34,33355615.85,2.5,151266232.82894185,121435924.84069315
4339,Maria – Puerto Rico,PR,Hormigueros,9487778.63,38942589.06957172,48430367.699571714,8671072.54,35776199.13054926,44447271.67054926,5116.0,2728205.5,6820513.75,2.5,55250881.449571714,47175477.17054926
4339,Maria – Puerto Rico,PR,Humacao,120303923.45,493787475.1374298,614091398.5874299,109670065.06,453638021.0141513,563308086.0741513,18852.0,33225808.9,83064522.25,2.5,697155920.8374299,596533894.9741513
4339,Maria – Puerto Rico,PR,Isabela,33979811.85,139470143.76492822,173449955.61492822,31115805.81,128129940.90316352,159245746.7131635,12659.0,13270539.68,33176349.2,2.5,206626304.8149282,172516286.3931635
4339,Maria – Puerto Rico,PR,Jayuya,425341422.29,1745813943.227156,2171155365.517156,385297430.59,1603863245.101671,1989160675.691671,4927.0,9441924.42,23604811.05,2.5,2194760176.5671563,1998602600.111671
4339,Maria – Puerto Rico,PR,Juana Diaz,53810926.98,220866959.33322692,274677886.31322694,48833119.14,202908448.2376805,251741567.37768048,15697.0,22562633.5,56406583.75,2.5,331084470.06322694,274304200.8776805
4339,Maria – Puerto Rico,PR,Juncos,30441741.7,124948134.20674694,155389875.90674692,28063568.85,114788704.01721686,142852272.86721686,13116.0,17119171.23,42797928.075,2.5,198187803.9817469,159971444.09721684
4339,Maria – Puerto Rico,PR,Lajas,15898142.7,65253929.53181828,81152072.23181827,14560103.68,59948186.10571736,74508289.78571737,7558.0,4620305.5600000005,11550763.900000002,2.5,92702836.13181828,79128595.34571737
4339,Maria – Puerto Rico,PR,Lares,263728368.8,1082473136.514027,1346201505.314027,237515129.29,994458134.67127,1231973263.96127,8351.0,8528760.73,21321901.825000003,2.5,1367523407.139027,1240502024.69127
4339,Maria – Puerto Rico,PR,Las Marias,119951570.19,492341241.1192671,612292811.309267,108293391.9,452309379.0964111,560602770.9964111,2869.0,3779035.68,9447589.200000001,2.5,621740400.5092671,564381806.676411
4339,Maria – Puerto Rico,PR,Las Piedras,80638843.12,330982145.8880118,411620989.0080118,73594580.49,304070259.3962443,377664839.8862443,11983.0,15615274.81,39038187.025,2.5,450659176.0330118,393280114.6962443
4339,Maria – Puerto Rico,PR,Loiza,36211073.24,148628356.53591603,184839429.77591604,33018521.4,136543506.91413042,169562028.31413043,7625.0,13162541.6,32906354.0,2.5,217745783.77591604,182724569.91413042
4339,Maria – Puerto Rico,PR,Luquillo,27006664.52,110848859.31219731,137855523.83219734,24570747.0,101835829.58653615,126406576.58653615,6075.0,5309352.449999999,13273381.124999998,2.5,151128904.95719734,131715929.03653616
4339,Maria – Puerto Rico,PR,Manati,44498083.66,182642392.2745765,227140475.93457648,40817591.18,167791889.33795774,208609480.51795772,13648.0,16515138.04,41287845.099999994,2.5,268428321.03457648,225124618.5579577
4339,Maria – Puerto Rico,PR,Maricao,171698719.74,704737425.6250309,876436145.3650309,156421342.4,647435804.25196,803857146.65196,1670.0,2767756.95,6919392.375,2.5,883355537.7400309,806624903.6019601
4339,Maria – Puerto Rico,PR,Maunabo,32287132.75,132522542.09876744,164809674.84876746,30067212.46,121747243.02336286,151814455.48336285,3697.0,8787536.61,21968841.525,2.5,186778516.37376747,160601992.09336287
4339,Maria – Puerto Rico,PR,Mayaguez,101357295.45,416021037.1510872,517378332.6010872,92860228.5,382194708.2415344,475054936.7415344,24702.0,18482218.93,46205547.325,2.5,563583879.9260873,493537155.6715344
4339,Maria – Puerto Rico,PR,Moca,58268020.89,239161102.0773248,297429122.9673248,52717407.48,219715109.2577341,272432516.7377341,11159.0,13664432.89,34161082.225,2.5,331590205.1923248,286096949.62773407
4339,Maria – Puerto Rico,PR,Morovis,49430546.93,202887688.641105,252318235.571105,44912009.54,186391057.28161797,231303066.82161796,9802.0,22956501.820000004,57391254.55000001,2.5,309709490.121105,254259568.64161795
4339,Maria – Puerto Rico,PR,Naguabo,36829727.67,151167623.75357458,187997351.42357457,33732118.34,138876308.39947414,172608426.73947415,8155.0,15012565.840000002,37531414.6,2.5,225528766.02357456,187620992.57947415
4339,Maria – Puerto Rico,PR,Naranjito,73719096.13,302580043.1402819,376299139.2702819,67907961.13,277977508.3001682,345885469.4301682,9647.0,23388755.78,58471889.45,2.5,434771028.7202819,369274225.21016824
4339,Maria – Puerto Rico,PR,Orocovis,288960060.77,1186036620.679943,1474996681.449943,261804064.13,1089600956.9821863,1351405021.1121864,7799.0,19465545.31,48663863.275,2.5,1523660544.7249432,1370870566.4221864
4339,Maria – Puerto Rico,PR,Patillas,56096554.55,230248318.09966707,286344872.6496671,50996951.66,211527016.42644876,262523968.08644876,6012.0,11563580.52,28908951.299999997,2.5,315253823.9496671,274087548.60644877
4339,Maria – Puerto Rico,PR,Penuelas,64295964.35,263902797.07800087,328198761.42800087,58194947.74,242445077.3548768,300640025.0948768,6390.0,8299323.39,20748308.474999998,2.5,348947069.9030009,308939348.4848768
4339,Maria – Puerto Rico,PR,Ponce,274264409.42,1125718317.107472,1399982726.527472,248734722.63,1034187085.1420164,1282921807.7720163,49843.0,51486265.17,128715662.92500001,2.5,1528698389.452472,1334408072.9420164
4339,Maria – Puerto Rico,PR,Quebradillas,25037493.01,102766394.50015336,127803887.51015335,23177670.61,94410543.35133612,117588213.96133612,7884.0,5839452.2,14598630.5,2.5,142402518.01015335,123427666.16133612
4339,Maria – Puerto Rico,PR,Rincon,42624974.11,174954213.79438987,217579187.90438983,38782219.43,160728830.33674523,199511049.76674524,4660.0,4566812.16,11417030.4,2.5,228996218.30438983,204077861.92674524
4339,Maria – Puerto Rico,PR,Rio Grande,45080718.73,185033818.02272663,230114536.75272664,41473820.32,169988870.22227687,211462690.5422769,15927.0,18980241.65,47450604.125,2.5,277565140.8777267,230442932.1922769
4339,Maria – Puerto Rico,PR,Sabana Grande,19122130.27,78486787.08468439,97608917.35468438,17399015.46,72105090.87729672,89504106.33729672,7697.0,2679801.14,6699502.850000001,2.5,104308420.20468438,92183907.47729672
4339,Maria – Puerto Rico,PR,Salinas,78958916.95,324086888.6252979,403045805.5752979,71945321.78,297735649.8394295,369680971.6194295,10039.0,23293806.34,58234515.85,2.5,461280321.4252979,392974777.9594295
4339,Maria – Puerto Rico,PR,San German,19295774.0,79199507.80526656,98495281.80526656,17567286.03,72759860.86134845,90327146.89134844,10272.0,4814669.09,12036672.725,2.5,110531954.53026655,95141815.98134844
4339,Maria – Puerto Rico,PR,San Juan,875062565.23,3591694454.186184,4466757019.416183,794126046.4599999,3299656727.4839272,4093782773.9439273,121921.0,66487408.11,166218520.275,2.5,4632975539.691183,4160270182.0539274
4339,Maria – Puerto Rico,PR,San Lorenzo,51616415.54,211859586.73853204,263476002.27853203,47267753.7,194633457.7121365,241901211.4121365,11941.0,13057623.22,32644058.05,2.5,296120060.32853204,254958834.6321365
4339,Maria – Puerto Rico,PR,San Sebastian,32355138.17,132801670.35721876,165156808.52721876,29566976.31,122003675.5923294,151570651.9023294,11709.0,11572367.12,28930917.799999997,2.5,194087726.32721877,163143019.0223294
4339,Maria – Puerto Rico,PR,Santa Isabel,30551106.2,125397020.81639364,155948127.01639363,27827924.12,115201092.0252424,143029016.1452424,7578.0,11226149.26,28065373.15,2.5,184013500.16639364,154255165.40524238
4339,Maria – Puerto Rico,PR,Toa Alta,23820479.01,97771160.32130577,121591639.33130576,21964052.97,89821467.56166771,111785520.53166772,20926.0,28308780.51,70771951.275,2.5,192363590.60630578,140094301.04166773
4339,Maria – Puerto Rico,PR,Toa Baja,59769646.65,245324525.27557063,305094171.9255706,54695601.79,225377389.5769074,280072991.3669074,27574.0,54120679.97,135301699.925,2.5,440395871.8505706,334193671.3369074
4339,Maria – Puerto Rico,PR,Trujillo Alto,54378944.94,223198389.15078968,277577334.0907897,50054325.58,205050311.4112617,255104636.9912617,20787.0,16459054.44,41147636.1,2.5,318724970.1907897,271563691.4312617
4339,Maria – Puerto Rico,PR,Utuado,320463015.39,1315340503.5050452,1635803518.8950453,290129446.57,1208391247.2743807,1498520693.8443806,10051.0,18793577.84,46983944.6,2.5,1682787463.4950452,1517314271.6843805
4339,Maria – Puerto Rico,PR,Vega Alta,8163161.23,33505696.71633977,41668857.94633977,7632855.87,30781376.029982217,38414231.89998221,10823.0,18678170.83,46695427.074999996,2.5,88364285.02133977,57092402.729982205
4339,Maria – Puerto Rico,PR,Vega Baja,80830311.46,331768027.72350025,412598339.1835002,73431242.53,304792241.8250264,378223484.3550264,18829.0,27440084.83,68600212.07499999,2.5,481198551.25850016,405663569.1850264
4339,Maria – Puerto Rico,PR,Vieques,73049157.83,299830281.2691128,372879439.0991128,66148967.760000005,275451327.3087403,341600295.0687403,2672.0,8149901.729999999,20374754.324999996,2.5,393254193.4241128,349750196.7987403
4339,Maria – Puerto Rico,PR,Villalba,49081647.1,201455629.2269897,250537276.3269897,44435093.08,185075437.44250977,229510530.52250972,7704.0,10934117.14,27335292.85,2.5,277872569.17698973,240444647.66250974
4339,Maria – Puerto Rico,PR,Yabucoa,209084309.2,858186584.1942471,1067270893.394247,190439209.75,788408137.7447287,978847347.4947288,10878.0,24793905.88,61984764.699999996,2.5,1129255658.094247,1003641253.3747288
4339,Maria – Puerto Rico,PR,Yauco,209535486.33,860038440.8043522,1069573927.1343522,190323537.69,790109421.4145428,980432959.1045429,13226.0,9079711.69,22699279.224999998,2.5,1092273206.359352,989512670.7945429
4340,Maria – US Virgin Islands,VI,St. Croix,29835308.01,20132242698.39929,20162078006.409286,29187422.9,19724028597.84683,19753216020.74683,0.0,0.0,0.0,0.0,20162078006.409286,19753216020.74683
4340,Maria – US Virgin Islands,VI,St. John,22927.86,15471241.0517166,15494168.9117166,21726.87,15157536.37186695,15179263.24186695,0.0,0.0,0.0,0.0,15494168.9117166,15179263.24186695
4340,Maria – US Virgin Islands,VI,St. Thomas,3464669.9,2337886884.6689944,2341351554.5689945,3391740.38,2290482409.861305,2293874150.2413054,0.0,0.0,0.0,0.0,2341351554.5689945,2293874150.2413054
4346,Irma – South Carolina,SC,Abbeville County,166628.53999999998,107656.76604515384,274285.3060451538,124971.41,84629.30972993537,209600.71972993537,0.0,0.0,0.0,0.0,274285.3060451538,209600.71972993537
4346,Irma – South Carolina,SC,Aiken County,125373.37,81002.27945574335,206375.64945574332,94030.04,63676.13712282295,157706.17712282296,0.0,0.0,0.0,0.0,206375.64945574332,157706.17712282296
4346,Irma – South Carolina,SC,Allendale County,15339.35,9910.576028780728,25249.926028780726,11504.51,7790.733821504313,19295.243821504315,0.0,0.0,0.0,0.0,25249.926028780726,19295.243821504315
4346,Irma – South Carolina,SC,Anderson County,540536.79,349234.54733401886,889771.3373340189,405402.61,274534.33500248543,679936.9450024854,0.0,0.0,0.0,0.0,889771.3373340189,679936.9450024854
4346,Irma – South Carolina,SC,Bamberg County,148259.4,95788.6778567158,244048.07785671577,111194.56,75299.76967315671,186494.32967315672,0.0,0.0,0.0,0.0,244048.07785671577,186494.32967315672
4346,Irma – South Carolina,SC,Barnwell County,28839.77,18633.04072451242,47472.81072451242,21629.83,14647.489726970533,36277.31972697053,0.0,0.0,0.0,0.0,47472.81072451242,36277.31972697053
4346,Irma – South Carolina,SC,Beaufort County,5240242.13,3385659.6295530684,8625901.759553067,3973489.07,2661477.285221525,6634966.355221525,0.0,0.0,0.0,0.0,8625901.759553067,6634966.355221525
4346,Irma – South Carolina,SC,Berkeley County,1213668.28,784136.9916365125,1997805.2716365128,910251.22,616412.4631801848,1526663.6831801848,0.0,0.0,0.0,0.0,1997805.2716365128,1526663.6831801848
4346,Irma – South Carolina,SC,Charleston County,11271234.4,7282213.748262393,18553448.148262396,8453784.21,5724570.275153959,14178354.48515396,0.0,0.0,0.0,0.0,18553448.148262396,14178354.48515396
4346,Irma – South Carolina,SC,Clarendon County,16718.72,10801.77097881572,27520.490978815724,12539.04,8491.304869910433,21030.344869910437,0.0,0.0,0.0,0.0,27520.490978815724,21030.344869910437
4346,Irma – South Carolina,SC,Colleton County,1192927.34,770736.5109917407,1963663.8509917408,896732.03,605878.3047740078,1502610.3347740078,0.0,0.0,0.0,0.0,1963663.8509917408,1502610.3347740078
4346,Irma – South Carolina,SC,Darlington County,5903.53,3814.20222520432,9717.73222520432,4427.65,2998.355917119393,7426.005917119392,0.0,0.0,0.0,0.0,9717.73222520432,7426.005917119392
4346,Irma – South Carolina,SC,Dillon County,82886.35,53551.90887639499,136438.258876395,62164.77,42097.3177016004,104262.0877016004,0.0,0.0,0.0,0.0,136438.258876395,104262.0877016004
4346,Irma – South Carolina,SC,Dorchester County,131078.5,84688.29774328995,215766.79774329,98308.87,66573.72725845965,164882.59725845966,0.0,0.0,0.0,0.0,215766.79774329,164882.59725845966
4346,Irma – South Carolina,SC,Edgefield County,17418.620000000003,11253.968246792763,28672.58824679277,13063.96,8846.778511340537,21910.738511340536,0.0,0.0,0.0,0.0,28672.58824679277,21910.738511340536
4346,Irma – South Carolina,SC,Georgetown County,920216.48,594541.189031933,1514757.669031933,696636.24,467370.6287320941,1164006.868732094,0.0,0.0,0.0,0.0,1514757.669031933,1164006.868732094
4346,Irma – South Carolina,SC,Greenville County,109250.54,70585.50609089369,179836.04609089368,81937.93000000001,55487.480042870775,137425.4100428708,0.0,0.0,0.0,0.0,179836.04609089368,137425.4100428708
4346,Irma – South Carolina,SC,Hampton County,152609.88,98599.472499363,251209.352499363,114457.42,77509.34385170916,191966.76385170917,0.0,0.0,0.0,0.0,251209.352499363,191966.76385170917
4346,Irma – South Carolina,SC,Horry County,110518.42,71404.66864571972,181923.08864571972,82888.82,56131.42620731771,139020.24620731772,0.0,0.0,0.0,0.0,181923.08864571972,139020.24620731772
4346,Irma – South Carolina,SC,Jasper County,1135740.17,733788.5440859847,1869528.7140859845,851805.14,576833.3961256545,1428638.5361256544,0.0,0.0,0.0,0.0,1869528.7140859845,1428638.5361256544
4346,Irma – South Carolina,SC,Kershaw County,26968.25,17423.873370655594,44392.1233706556,20226.19,13696.959609226184,33923.14960922619,0.0,0.0,0.0,0.0,44392.1233706556,33923.14960922619
4346,Irma – South Carolina,SC,Lexington County,8421.33,5440.923587274038,13862.253587274035,6316.0,4277.126504907244,10593.126504907244,0.0,0.0,0.0,0.0,13862.253587274035,10593.126504907244
4346,Irma – South Carolina,SC,Newberry County,8297.75,5361.079983364047,13658.829983364049,6223.31,4214.361206138944,10437.671206138944,0.0,0.0,0.0,0.0,13658.829983364049,10437.671206138944
4346,Irma – South Carolina,SC,Oconee County,630104.48,407103.1924504849,1037207.6724504848,472578.38,320025.0521317649,792603.432131765,0.0,0.0,0.0,0.0,1037207.6724504848,792603.432131765
4346,Irma – South Carolina,SC,Orangeburg County,23585.33,15238.208015912212,38823.53801591221,17689.0,11978.80145653762,29667.80145653762,0.0,0.0,0.0,0.0,38823.53801591221,29667.80145653762
4346,Irma – South Carolina,SC,Pickens County,2492082.96,1610105.8809603355,4102188.840960336,1869062.22,1265709.1077827015,3134771.3277827017,0.0,0.0,0.0,0.0,4102188.840960336,3134771.3277827017
4346,Irma – South Carolina,SC,Richland County,121942.29,78785.49848387498,200727.788483875,91456.72,61933.51888930672,153390.23888930673,0.0,0.0,0.0,0.0,200727.788483875,153390.23888930673
4346,Irma – South Carolina,SC,Saluda County,12667.81,8184.52503679418,20852.33503679418,9500.86,6433.879910908256,15934.739910908256,0.0,0.0,0.0,0.0,20852.33503679418,15934.739910908256
4346,Irma – South Carolina,SC,Sumter County,127786.41,82561.3165975055,210347.7265975055,95839.81,64901.70094010614,160741.51094010612,0.0,0.0,0.0,0.0,210347.7265975055,160741.51094010612
4346,Irma – South Carolina,SC,Williamsburg County,293854.04,189855.6852007662,483709.7252007662,220390.53,149246.1289437741,369636.65894377406,0.0,0.0,0.0,0.0,483709.7252007662,369636.65894377406
