disasterNumber,state,county,ia_totalApprovedIhp,denial_multiplier,d_i,population,ia_validRegistrations,n_i,fema_per_capita,fema_per_applicant,x_i,pct_need_met,per_applicant_alloc
4332,TX,Aransas County,30527809.96,1.4285714285714286,43611157.08571429,25421.0,13059.0,3339.547981140538,1200.8894205578065,2337.683586798377,31130073.17333398,71.38098425627707,2383.8022186487465
4332,TX,Austin County,1206073.89,1.4285714285714286,1722962.7,29729.0,834.0,2065.902517985612,40.568935719331286,1446.131762589928,924156.8651639398,53.637659431857685,1108.1017567912947
4332,TX,Bastrop County,801406.51,1.4285714285714286,1144866.442857143,84624.0,765.0,1496.5574416433242,9.47020360654188,1047.5902091503267,412726.75166603987,36.05020954549369,539.5120936810979
4332,TX,Bee County,856932.55,1.4285714285714286,1224189.3571428573,32598.0,2280.0,536.9251566416041,26.287887293699,375.84760964912283,122418.93571428573,10.0,53.69251566416041
4332,TX,Brazoria County,75089385.68,1.4285714285714286,107270550.9714286,362261.0,39903.0,2688.2828602217523,207.2797946232137,1881.7980021552266,68973888.80370305,64.29899742201769,1728.5389269905284
4332,TX,Caldwell County,296325.96,1.4285714285714286,423322.8000000001,42302.0,241.0,1756.5261410788385,7.005010637794904,1229.5682987551868,192821.22387811504,45.5494539576217,800.0880658842948
4332,TX,Calhoun County,4927668.29,1.4285714285714286,7039526.128571428,21716.0,6213.0,1133.0317284035775,226.91417802541903,793.1222098825044,1074709.428455724,15.26678655391,172.97753556345145
4332,TX,Chambers County,25926365.200000003,1.4285714285714286,37037664.571428575,41249.0,6016.0,6156.526690729484,628.5331814104585,4309.568683510639,31237905.356078718,84.34091543713618,5192.4709700928715
4332,TX,Colorado County,1670617.91,1.4285714285714286,2386597.0142857144,21301.0,1014.0,2353.645970695971,78.42908361109806,1647.5521794871795,1415635.5908382065,59.316071476017186,1396.0903262704205
4332,TX,DeWitt County,773530.8600000001,1.4285714285714286,1105044.085714286,20164.0,1405.0,786.50824605999,38.361974806586,550.5557722419929,110504.4085714286,10.0,78.650824605999
4332,TX,Fayette County,5551638.390000001,1.4285714285714286,7930911.985714287,25110.0,799.0,9926.04754156982,221.09272759856637,6948.233279098874,7164294.288979492,90.33380148316259,8966.576081326022
4332,TX,Fort Bend County,97539696.02,1.4285714285714286,139342422.8857143,768258.0,58179.0,2395.063904256077,126.96216117502192,1676.5447329792537,83219350.87260862,59.72291076125708,1430.4018782139367
4332,TX,Galveston County,109100465.0,1.4285714285714286,155857807.14285713,334691.0,44551.0,3498.413215031248,325.97370410318774,2448.8892505218737,113010450.58499628,72.50868766645256,2536.653511368909
4332,TX,Goliad County,689934.58,1.4285714285714286,985620.8285714284,7559.0,1131.0,871.4596185423771,91.27326101336156,610.021732979664,98562.08285714284,10.0,87.1459618542377
4332,TX,Gonzales County,301353.19,1.4285714285714286,430504.5571428572,20743.0,606.0,710.4035596416785,14.527946295135708,497.28249174917494,43050.45571428572,10.000000000000002,71.04035596416786
4332,TX,Grimes County,649697.17,1.4285714285714286,928138.8142857144,27924.0,401.0,2314.560634128964,23.26662261853603,1620.1924438902745,542868.605319954,58.49002293237135,1353.7870456856708
4332,TX,Hardin County,37126940.59,1.4285714285714286,53038486.55714286,57194.0,10172.0,5214.165017414753,649.1404795957618,3649.915512190327,43284225.403161705,81.60908844283846,4255.232540617549
4332,TX,Harris County,780618046.3699999,1.4285714285714286,1115168637.6714284,4655798.0,447076.0,2494.36032726299,167.66578927393326,1746.052229084093,685241666.894827,61.44735816151293,1532.7185241319753
4332,TX,Jackson County,717188.8,1.4285714285714286,1024555.4285714286,14798.0,2356.0,434.870725200097,48.46525206108934,304.40950764006794,102455.54285714286,10.0,43.487072520009704
4332,TX,Jasper County,4644882.08,1.4285714285714286,6635545.828571429,35580.0,4278.0,1551.0859814332466,130.54755705452502,1085.7601870032727,2518161.9233955774,37.94958227178297,588.6306506301022
4332,TX,Jefferson County,180249391.35,1.4285714285714286,257499130.5,255889.0,66942.0,3846.60049744555,704.404610397477,2692.620348211885,193478022.69145092,75.13734990707121,2890.2336752928045
4332,TX,Karnes County,252495.99,1.4285714285714286,360708.5571428571,15590.0,383.0,941.7977993286088,16.196022450288645,659.2584595300261,36070.85571428571,10.0,94.17977993286087
4332,TX,Kleberg County,430586.58,1.4285714285714286,615123.6857142857,30756.0,1354.0,454.3010972779067,14.00008388607101,318.01076809453474,61512.368571428575,10.0,45.43010972779068
4332,TX,Lavaca County,140529.28,1.4285714285714286,200756.11428571428,20015.0,418.0,480.2777853725222,7.021198101423932,336.19444976076556,20075.61142857143,10.0,48.027778537252225
4332,TX,Lee County,293066.43999999994,1.4285714285714286,418666.3428571428,17104.0,210.0,1993.64925170068,17.13438026192703,1395.554476190476,216600.6318829581,51.73585973135331,1031.4315803950387
4332,TX,Liberty County,30050158.82,1.4285714285714286,42928798.31428572,83648.0,10522.0,4079.908602384121,359.2453952276205,2855.936021668884,32778656.208865393,76.35586714747943,3115.249592175004
4332,TX,Matagorda County,5726215.05,1.4285714285714286,8180307.214285715,36848.0,9732.0,840.5576669015326,155.40097291576205,588.3903668310727,818030.7214285715,10.0,84.05576669015326
4332,TX,Montgomery County,39695644.09,1.4285714285714286,56708062.98571429,571542.0,19176.0,2957.241499046428,69.45359061976198,2070.069049332499,38213589.29393019,67.38651839255527,1992.782086667198
4332,TX,Newton County,4129473.18,1.4285714285714286,5899247.4,13909.0,1988.0,2967.4282696177065,296.89216909914444,2077.1997887323946,3994536.9338811035,67.71265320862967,2009.3244134210781
4332,TX,Nueces County,18473120.83,1.4285714285714286,26390172.61428571,361328.0,50516.0,522.4121588068277,51.12562776756852,365.6885111647794,2639017.2614285713,10.0,52.24121588068278
4332,TX,Orange County,127268105.94,1.4285714285714286,181811579.9142857,85056.0,28562.0,6365.505913951604,1496.2860461343114,4455.854139766123,154463383.6101728,84.95794584866042,5408.0030673682795
4332,TX,Polk County,3167568.47,1.4285714285714286,4525097.814285715,48938.0,2234.0,2025.5585560813408,64.72615288732682,1417.8909892569384,2384559.8490773607,52.696316122699386,1067.3947399630083
4332,TX,Refugio County,5475515.6,1.4285714285714286,7822165.142857143,7178.0,2758.0,2836.173003211437,762.8191139593201,1985.3211022480057,5166438.527701132,66.04870177688457,1873.255448767633
4332,TX,Sabine County,119070.66,1.4285714285714286,170100.94285714286,10422.0,286.0,594.7585414585415,11.424933793897525,416.33097902097904,17010.094285714287,10.0,59.47585414585415
4332,TX,San Jacinto County,8174965.859999999,1.4285714285714286,11678522.657142855,28233.0,2426.0,4813.900518195736,289.55356710232707,3369.7303627370156,9350915.913882418,80.0693391485025,3854.4583321856626
4332,TX,San Patricio County,17198603.05,1.4285714285714286,24569432.92857143,67221.0,16570.0,1482.766018622295,255.8516393686497,1037.9362130356067,8698623.96525638,35.40425206615526,524.9622187843319
4332,TX,Tyler County,2246071.75,1.4285714285714286,3208673.9285714286,21498.0,1914.0,1676.42316017316,104.47817238812912,1173.496212121212,1371493.3239896118,42.74330625425159,716.5586854700166
4332,TX,Victoria County,13090113.489999998,1.4285714285714286,18700162.12857143,92011.0,19589.0,954.625663820074,142.26683211789893,668.2379646740517,1870016.212857143,10.0,95.46256638200741
4332,TX,Walker County,1685017.24,1.4285714285714286,2407167.4857142856,72764.0,1897.0,1268.93383537917,23.1572926172283,888.253684765419,580972.5830381233,24.135112595446582,306.25860993048144
4332,TX,Waller County,4061213.93,1.4285714285714286,5801734.185714286,51736.0,2332.0,2487.879153393776,78.49880025514149,1741.5154073756432,3557042.578472177,61.309988782849565,1525.3184298765768
4332,TX,Wharton County,15444374.94,1.4285714285714286,22063392.77142857,41869.0,5503.0,4009.339046234521,368.87374764145306,2806.5373323641647,16794000.95461039,76.11703752270645,3051.7901062348515
4335,VI,St. John,9411084.51,1.4285714285714286,13444406.442857144,4170.0,2381.0,5646.537775244495,2256.854798561151,3952.5764426711467,11162875.065245353,83.02988393493605,4688.313761127825
4335,VI,St. Thomas,31405735.660000004,1.4285714285714286,44865336.65714286,51634.0,13410.0,3345.662688824971,608.237511329744,2341.9638821774797,32025318.895760834,71.38098425627703,2388.1669571782872
4336,PR,Canovanas,3390798.31,2.5,8476995.775,44034.0,947.0,8951.421092925028,77.00409479038925,3580.568437170011,7570959.1976303775,89.31181987796116,7994.6770830310215
4336,PR,Catano,346297.02,2.5,865742.55,24532.0,264.0,3279.3278409090917,14.116134844285016,1311.7311363636363,612944.8796759424,70.79990231229161,2321.760907863418
4336,PR,Culebra,750755.33,2.5,1876888.325,1824.0,213.0,8811.682276995305,411.5983168859649,3524.672910798122,1672210.0219028483,89.09480652786566,7850.751276539194
4336,PR,Dorado,884455.97,2.5,2211139.925,36721.0,390.0,5669.589551282051,24.085835625391464,2267.8358205128206,1835906.9133665336,83.02988393493614,4707.453624016753
4336,PR,Fajardo,482845.22,2.5,1207113.0499999998,33408.0,781.0,1545.5992957746475,14.452981920498084,618.2397183098591,458094.36002317886,37.94958227178299,586.5484763420984
4336,PR,Loiza,1357502.2599999998,2.5,3393755.6499999994,25441.0,917.0,3700.933097055616,53.35884045438465,1480.3732388222463,2515366.000777431,74.11747515698224,2743.0381687867293
4336,PR,Luquillo,458914.2100000001,2.5,1147285.525,18432.0,407.0,2818.883353808354,24.89768934461806,1127.5533415233417,757767.1949366144,66.04870177688457,1861.8358597951212
4336,PR,Toa Baja,1542159.56,2.5,3855398.9,79330.0,634.0,6081.070820189275,19.439802848859195,2432.42832807571,3245580.5424376586,84.18274286579421,5119.21221204678
4336,PR,Vega Baja,1264283.69,2.5,3160709.225,55857.0,703.0,4496.030192034139,22.634292747551783,1798.4120768136556,2484844.3432603907,78.61667006905358,3534.629222276516
4336,PR,Vieques,2472271.59,2.5,6180678.975,8577.0,349.0,17709.68187679083,288.24432668765303,7083.872750716332,5847150.295792517,94.60368867956805,16754.01230886108
4337,FL,Alachua County,7596709.25,1.4285714285714286,10852441.785714284,266501.0,21843.0,496.8384281332365,28.50536864777243,347.7868996932656,1085244.1785714284,10.0,49.68384281332364
4337,FL,Baker County,1214777.68,1.4285714285714286,1735396.6857142856,28255.0,2876.0,603.406358036956,42.99337037692444,422.38445062586925,173539.66857142857,10.0,60.34063580369561
4337,FL,Bradford County,2915070.87,1.4285714285714286,4164386.9571428574,27158.0,3531.0,1179.378917344338,107.33746483540762,825.5652421410366,774809.7314464446,18.605613249207597,219.43068010377928
4337,FL,Brevard County,25854293.06,1.4285714285714286,36934704.37142857,588165.0,63790.0,579.0046146955411,43.95755112935996,405.3032302868788,3693470.4371428574,10.0,57.90046146955412
4337,FL,Broward County,106248889.12,1.4285714285714286,151784127.31428573,1935945.0,305899.0,496.19033509192815,54.882183698400524,347.3332345643497,15178412.731428573,10.0,49.61903350919282
4337,FL,Charlotte County,5253544.180000001,1.4285714285714286,7505063.114285715,181998.0,14567.0,515.209934391825,28.86594457081946,360.6469540742775,750506.3114285716,10.0,51.520993439182504
4337,FL,Citrus County,4648499.88,1.4285714285714286,6640714.114285714,145619.0,14247.0,466.11315464909904,31.922344474278766,326.27920825436934,664071.4114285714,10.0,46.61131546490991
4337,FL,Clay County,9960396.66,1.4285714285714286,14229138.085714286,212381.0,15679.0,907.5284192687216,46.89871815275378,635.2698934881051,1422913.8085714288,10.0,90.75284192687216
4337,FL,Collier County,35752289.04,1.4285714285714286,51074698.62857143,373286.0,71866.0,710.6934938437012,95.77720310967996,497.48544569059084,5107469.862857143,10.0,71.06934938437013
4337,FL,Columbia County,2944741.38,1.4285714285714286,4206773.4,70051.0,8073.0,521.0917131178002,42.03710696492556,364.76419918246006,420677.3400000001,10.0,52.10917131178002
4337,FL,DeSoto County,3316208.31,1.4285714285714286,4737440.442857144,37159.0,4445.0,1065.7908757833843,89.24374471864151,746.053613048369,473744.04428571445,10.0,106.57908757833846
4337,FL,Dixie County,831502.97,1.4285714285714286,1187861.3857142858,16609.0,1922.0,618.0340196224172,50.063397555542174,432.62381373569195,118786.13857142859,10.0,61.80340196224172
4337,FL,Duval County,44447334.46,1.4285714285714286,63496192.08571429,939167.0,111344.0,570.2704419251535,47.326337552320304,399.18930934760743,6349619.208571429,10.0,57.027044192515355
4337,FL,Flagler County,5244374.3,1.4285714285714286,7491963.285714285,110316.0,9083.0,824.8335666315409,47.539561804271365,577.3834966420786,749196.3285714285,10.0,82.48335666315408
4337,FL,Gilchrist County,560633.03,1.4285714285714286,800904.3285714287,17899.0,1565.0,511.75995435874034,31.32203083971172,358.2319680511182,80090.43285714288,10.000000000000002,51.17599543587404
4337,FL,Glades County,1054396.8199999998,1.4285714285714286,1506281.1714285712,13591.0,1754.0,858.7691969376119,77.58051798984621,601.1384378563283,150628.11714285714,10.0,85.8769196937612
4337,FL,Hamilton County,183255.03,1.4285714285714286,261792.9,14397.0,619.0,422.9287560581583,12.728695561575329,296.0501292407108,26179.29,10.0,42.29287560581583
4337,FL,Hardee County,2688152.7800000003,1.4285714285714286,3840218.2571428576,27172.0,4057.0,946.5659988027749,98.930987045488,662.5961991619424,384021.8257142858,10.0,94.65659988027748
4337,FL,Hendry County,4610569.83,1.4285714285714286,6586528.328571429,41074.0,8124.0,810.7494249841739,112.25032453620295,567.5245974889217,658652.8328571429,10.0,81.0749424984174
4337,FL,Hernando County,6004441.720000001,1.4285714285714286,8577773.885714287,186899.0,15078.0,568.8933469766738,32.126665846259215,398.2253428836716,857777.3885714287,10.0,56.88933469766738
4337,FL,Highlands County,9852700.96,1.4285714285714286,14075287.085714288,103828.0,23431.0,600.7121798350172,94.8944500520091,420.498525884512,1407528.708571429,10.0,60.071217983501725
4337,FL,Hillsborough County,39167877.73,1.4285714285714286,55954111.04285714,1428960.0,129264.0,432.8669315730377,27.410058874986003,303.00685210112636,5595411.104285714,10.0,43.286693157303766
4337,FL,Indian River County,4102388.53,1.4285714285714286,5860555.042857143,154260.0,11238.0,521.4944868176849,26.593987618306752,365.04614077237943,586055.5042857144,10.0,52.1494486817685
4337,FL,Lafayette County,325671.86,1.4285714285714286,465245.5142857143,8603.0,971.0,479.1405914373988,37.855615482971054,335.39841400617917,46524.55142857143,10.0,47.914059143739884
4337,FL,Lake County,11726644.63,1.4285714285714286,16752349.471428571,345848.0,38491.0,435.22770183753534,33.9069320337258,304.65939128627474,1675234.9471428571,10.0,43.52277018375353
4337,FL,Lee County,51471509.74,1.4285714285714286,73530728.2,741188.0,125234.0,587.1466870019324,69.44460749499453,411.0026809013527,7353072.82,10.0,58.71466870019324
4337,FL,Levy County,1285485.24,1.4285714285714286,1836407.4857142856,40339.0,4283.0,428.7666322003936,31.86705768611021,300.1366425402755,183640.7485714286,10.000000000000002,42.87666322003936
4337,FL,Manatee County,10399445.82,1.4285714285714286,14856351.171428572,385458.0,30821.0,482.0204137253357,26.979452547359244,337.414289607735,1485635.1171428573,10.0,48.20204137253357
4337,FL,Marion County,18957889.65,1.4285714285714286,27082699.5,353953.0,48635.0,556.8561632569138,53.56047172929739,389.79931427983956,2708269.95,10.0,55.68561632569138
4337,FL,Martin County,2608734.09,1.4285714285714286,3726762.9857142856,159716.0,8219.0,453.432654302748,16.33358016729695,317.40285801192357,372676.2985714286,10.0,45.3432654302748
4337,FL,Miami-Dade County,223299698.62,1.4285714285714286,318999569.4571429,2709126.0,596034.0,535.2036451899437,82.42499559636576,374.64255163296053,31899956.94571429,10.0,53.52036451899437
4337,FL,Monroe County,66865217.900000006,1.4285714285714286,95521739.85714288,76556.0,39479.0,2419.558242537624,873.4157727676472,1693.690769776337,57433097.21652815,60.125681653644456,1454.775886332687
4337,FL,Nassau County,3010929.84,1.4285714285714286,4301328.342857143,83024.0,6391.0,673.0290006035273,36.26577664289844,471.1203004224691,430132.8342857143,10.0,67.30290006035273
4337,FL,Okeechobee County,2199480.82,1.4285714285714286,3142115.457142857,41248.0,5255.0,597.9287263830365,53.32333252521334,418.5501084681256,314211.5457142857,10.0,59.79287263830365
4337,FL,Orange County,47857927.81,1.4285714285714286,68368468.30000001,1357720.0,162422.0,420.93108261196153,35.24874628789441,294.65175782837304,6836846.830000002,10.0,42.09310826119616
4337,FL,Osceola County,10793412.12,1.4285714285714286,15419160.17142857,353306.0,36527.0,422.1304835170852,30.549756075469983,295.49133846195963,1541916.0171428572,10.0,42.21304835170852
4337,FL,Palm Beach County,56678065.39,1.4285714285714286,80968664.84285715,1470583.0,158081.0,512.1973218973637,38.54122167194915,358.53812532815454,8096866.484285716,10.0,51.219732189736376
4337,FL,Pasco County,16644296.58,1.4285714285714286,23777566.542857144,525533.0,47515.0,500.4223201695705,31.67126817916287,350.2956241186994,2377756.6542857145,10.0,50.04223201695706
4337,FL,Pinellas County,45827196.75,1.4285714285714286,65467423.92857143,968886.0,145023.0,451.4278695694575,47.29885327066342,315.9995086986202,6546742.392857144,10.0,45.14278695694575
4337,FL,Polk County,40187301.0,1.4285714285714286,57410430.0,685790.0,102837.0,558.2662854809067,58.60001020720629,390.7863998366347,5741043.0,10.0,55.82662854809067
4337,FL,Putnam County,6766261.58,1.4285714285714286,9666087.971428571,73418.0,14001.0,690.3855418490516,92.16079953145004,483.26987929433614,966608.7971428572,10.0,69.03855418490517
4337,FL,Sarasota County,10364330.25,1.4285714285714286,14806186.07142857,420073.0,30599.0,483.8781029258659,24.672688437485867,338.71467204810614,1480618.6071428573,10.000000000000002,48.3878102925866
4337,FL,Seminole County,20161483.53,1.4285714285714286,28802119.32857143,463052.0,56959.0,505.6640623706777,43.54043072916217,353.96484365947435,2880211.932857143,10.0,50.566406237067774
4337,FL,St. Johns County,6491986.11,1.4285714285714286,9274265.871428572,244067.0,12344.0,751.3177147949264,26.59919657307215,525.9224003564485,927426.5871428573,10.0,75.13177147949266
4337,FL,St. Lucie County,12439541.44,1.4285714285714286,17770773.485714287,313207.0,32878.0,540.5065236849653,39.71667759660544,378.3545665794756,1777077.3485714288,10.0,54.05065236849653
4337,FL,Sumter County,2803720.93,1.4285714285714286,4005315.6142857145,125298.0,7081.0,565.6426513607844,22.3764220498332,395.9498559525491,400531.56142857147,10.0,56.56426513607845
4337,FL,Suwannee County,1622039.5699999998,1.4285714285714286,2317199.385714285,44125.0,5191.0,446.3878608580785,36.760103569405096,312.47150260065496,231719.93857142853,10.0,44.638786085807844
4337,FL,Union County,469412.49,1.4285714285714286,670589.2714285714,15455.0,1320.0,508.02217532467535,30.37285603364607,355.6155227272727,67058.92714285715,10.000000000000002,50.80221753246754
4337,FL,Volusia County,24976178.31,1.4285714285714286,35680254.72857143,538755.0,62206.0,573.5822063558408,46.35906545646908,401.50754444908847,3568025.4728571433,10.0,57.35822063558408
4337,GA,Bulloch County,0.0,1.4285714285714286,0.0,76046.0,2.0,0.0,0.0,0.0,0.0,,0.0
4337,GA,Chatham County,500.0,1.4285714285714286,714.2857142857143,289771.0,1.0,714.2857142857143,0.0017255004814146,500.0,71.42857142857143,10.0,71.42857142857143
4337,GA,Dougherty County,0.0,1.4285714285714286,0.0,89537.0,1.0,0.0,0.0,0.0,0.0,,0.0
4337,PR,Anasco,0.0,1.4285714285714286,0.0,26645.0,1.0,0.0,0.0,0.0,0.0,,0.0
4337,PR,Fajardo,0.0,1.4285714285714286,0.0,33408.0,2.0,0.0,0.0,0.0,0.0,,0.0
4337,PR,Guayama,0.0,1.4285714285714286,0.0,39225.0,1.0,0.0,0.0,0.0,0.0,,0.0
4337,PR,Humacao,0.0,1.4285714285714286,0.0,53084.0,1.0,0.0,0.0,0.0,0.0,,0.0
4337,PR,Juana Diaz,0.0,1.4285714285714286,0.0,47816.0,1.0,0.0,0.0,0.0,0.0,,0.0
4337,PR,Las Piedras,0.0,1.4285714285714286,0.0,36239.0,1.0,0.0,0.0,0.0,0.0,,0.0
4337,PR,San Juan,0.0,1.4285714285714286,0.0,356296.0,1.0,0.0,0.0,0.0,0.0,,0.0
4337,SC,Cherokee County,0.0,1.4285714285714286,0.0,56974.0,1.0,0.0,0.0,0.0,0.0,,0.0
4337,TX,Blanco County,500.0,1.4285714285714286,714.2857142857143,11473.0,1.0,714.2857142857143,0.0435805804933321,500.0,71.42857142857143,10.0,71.42857142857143
4337,TX,Burnet County,0.0,1.4285714285714286,0.0,46592.0,1.0,0.0,0.0,0.0,0.0,,0.0
4338,FL,Volusia County,0.0,1.4285714285714286,0.0,538755.0,1.0,0.0,0.0,0.0,0.0,,0.0
4338,GA,Camden County,2317215.03,1.4285714285714286,3310307.1857142854,53211.0,4846.0,683.1009462885443,43.547669278908494,478.17066240198096,331030.71857142856,10.0,68.31009462885443
4338,GA,Charlton County,291886.79,1.4285714285714286,416981.1285714285,12779.0,731.0,570.4256204807504,22.84112919633774,399.29793433652526,41698.11285714285,10.0,57.042562048075034
4338,GA,Chatham County,4852210.88,1.4285714285714286,6931729.828571429,289771.0,22734.0,304.9058603224874,16.744984418730652,213.43410222574119,693172.9828571429,10.0,30.490586032248743
4338,GA,Coffee County,221990.9,1.4285714285714286,317129.8571428572,42871.0,681.0,465.68260960771977,5.178113409997434,325.9778267254038,31712.98571428572,10.0,46.56826096077199
4338,GA,Glynn County,4613225.220000001,1.4285714285714286,6590321.742857144,84836.0,11081.0,594.7407041654313,54.37815573577256,416.31849291580187,659032.1742857145,10.000000000000002,59.474070416543135
4338,GA,Liberty County,713130.16,1.4285714285714286,1018757.3714285716,61819.0,2088.0,487.9106185002737,11.535776379430272,341.5374329501916,101875.73714285716,10.0,48.791061850027376
4338,GA,McIntosh County,629344.69,1.4285714285714286,899063.8428571428,14092.0,1552.0,579.2937131811487,44.65971402214021,405.50559922680407,89906.38428571429,10.0,57.929371318114875
4339,PR,Adjuntas,11966670.85,2.5,29916677.125,18503.0,5668.0,5278.171687544107,646.7421958601308,2111.2686750176426,24469746.990408655,81.79299755841001,4317.17483952164
4339,PR,Aguada,18512696.35,2.5,46281740.875,39260.0,12603.0,3672.279685392367,471.54091569027,1468.9118741569469,34181858.976259604,73.85603551210325,2712.20018854714
4339,PR,Aguadilla,16253298.64,2.5,40633246.6,56765.0,17500.0,2321.899805714286,286.3260572535894,928.7599222857143,23766395.254507013,58.490022932371375,1358.079728828972
4339,PR,Aguas Buenas,12545060.45,2.5,31362651.125,25515.0,8043.0,3899.3722647022255,491.6739349402312,1559.74890588089,23643040.778016012,75.38597640800053,2939.5798555285355
4339,PR,Aibonito,17329419.28,2.5,43323548.2,25030.0,8216.0,5273.0706183057455,692.3459560527367,2109.228247322298,35435628.7214426,81.79299755841005,4313.002522084056
4339,PR,Anasco,17026167.990000002,2.5,42565419.97500001,26645.0,9113.0,4670.846041369473,639.0004875211109,1868.3384165477892,33822167.12692655,79.4592585878193,3711.419634250691
4339,PR,Arecibo,40988338.14,2.5,102470845.35,90083.0,29859.0,3431.8244197729327,455.0063623547173,1372.7297679091732,73728288.31909,71.95050266957712,2469.2149207639236
4339,PR,Arroyo,9687821.89,2.5,24219554.725,16888.0,5913.0,4095.984225435481,573.6512251302701,1638.3936901741927,18550316.06648676,76.59230847600466,3137.208873074034
4339,PR,Barceloneta,12577487.52,2.5,31443718.8,23364.0,8321.0,3778.8389376276887,538.3276630713918,1511.5355750510755,23467245.19378793,74.63253740135829,2820.243383462075
4339,PR,Barranquitas,21622585.59,2.5,54056463.975,29466.0,9848.0,5489.08041988221,733.8147556505803,2195.6321679528837,44602218.76066194,82.51042610054839,4529.063643446581
4339,PR,Bayamon,48970302.84,2.5,122425757.1,191556.0,63254.0,1935.4626916874824,255.6448393159181,774.185076674993,61529333.28456097,50.25848705538532,972.7342663635654
4339,PR,Cabo Rojo,6757031.19,2.5,16892577.975,48455.0,14291.0,1182.0431023021483,139.44961696419358,472.8172409208593,3142967.725849325,18.605613249207597,219.92636805327302
4339,PR,Caguas,39068627.21,2.5,97671568.025,131805.0,42621.0,2291.6301359658387,296.4123304123516,916.6520543863354,56718592.7838174,58.07073023471858,1330.7663542342368
4339,PR,Camuy,9667489.08,2.5,24168722.7,33505.0,10439.0,2315.233518536258,288.5386981047605,926.0934074145033,14136291.449691253,58.4900229323714,1354.1806159298067
4339,PR,Canovanas,34459216.99,2.5,86148042.47500001,44034.0,15853.0,5434.179175865767,782.5593175727847,2173.6716703463067,70928925.75621608,82.33376373792767,4474.164243752985
4339,PR,Carolina,29855523.63,2.5,74638809.075,160905.0,52065.0,1433.569750792279,185.54751953015756,573.4279003169115,24447577.309514493,32.75451151015634,469.5587690293766
4339,PR,Catano,8664934.27,2.5,21662335.675,24532.0,7708.0,2810.370481966788,353.2094517365074,1124.148192786715,14233402.152665082,65.7057593705905,1846.5752663032022
4339,PR,Cayey,21283934.9,2.5,53209837.25,43477.0,14482.0,3674.205030382544,489.5446994962854,1469.6820121530175,39298676.295292325,73.85603551210322,2713.6221720268145
4339,PR,Ceiba,5672614.069999999,2.5,14181535.175,11961.0,4091.0,3466.520453434368,474.2591815065629,1386.6081813737471,10243464.33797865,72.23099764288142,2503.9023070101807
4339,PR,Ciales,15244663.21,2.5,38111658.025000006,17539.0,6049.0,6300.489010580262,869.1865676492389,2520.1956042321044,32320974.95621836,84.80600590773788,5343.193082529073
4339,PR,Cidra,18274288.02,2.5,45685720.05,41094.0,13318.0,3430.37393377384,444.6947977806979,1372.149573509536,32871105.22419079,71.95050266957715,2468.171288796425
4339,PR,Coamo,17070069.82,2.5,42675174.55,36250.0,12203.0,3497.105183151684,470.8984777931034,1398.8420732606737,30943209.025572937,72.50868766645253,2535.705074618777
4339,PR,Comerio,17731063.55,2.5,44327658.875,19502.0,6583.0,6733.65621677047,909.1920597887396,2693.462486708188,37986656.50033113,85.6951561720191,5770.417211048327
4339,PR,Corozal,25628773.43,2.5,64071933.575,35371.0,11230.0,5705.425963935886,724.5702250431144,2282.1703855743544,53307582.89711988,83.19958509558664,4746.890729930533
4339,PR,Culebra,898063.8,2.5,2245159.5,1824.0,564.0,3980.779255319149,492.3595394736842,1592.3117021276596,1703532.6303632413,75.87579547748128,3020.4479261759598
4339,PR,Dorado,16621184.79,2.5,41552961.975,36721.0,11113.0,3739.1309254926655,452.634317965197,1495.6523701970664,30905555.8258728,74.37630040541244,2781.027249696104
4339,PR,Fajardo,8685887.86,2.5,21714719.65,33408.0,11288.0,1923.699472891566,259.9942486829502,769.4797891566265,10913489.564408459,50.2584870553853,966.8222505677231
4339,PR,Florida,6460300.81,2.5,16150752.025,12058.0,4183.0,3861.04518885967,535.7688513849725,1544.4180755438679,12135247.061647654,75.1373499070713,2901.087033623632
4339,PR,Guanica,4454226.3,2.5,11135565.75,15372.0,5783.0,1925.5690385613004,289.7623145979703,770.2276154245201,5596566.871007672,50.258487055385324,967.7618659878387
4339,PR,Guayama,25784427.800000004,2.5,64461069.500000015,39225.0,12802.0,5035.234299328231,657.3467890376037,2014.0937197312924,52119795.79374608,80.85468670938832,4071.222917805505
4339,PR,Guayanilla,6618354.46,2.5,16545886.15,18798.0,6459.0,2561.679230531042,352.077585913395,1024.6716922124167,10334415.018853389,62.45912080601007,1600.0023252598528
4339,PR,Guaynabo,22085372.26,2.5,55213430.650000006,91928.0,28010.0,1971.204235987148,240.24641306239667,788.481694394859,28295968.41156773,51.24834316298317,1010.2095113019539
4339,PR,Gurabo,12603289.2,2.5,31508223.0,42119.0,12837.0,2454.484926384669,299.2304945511527,981.7939705538677,19194551.26967195,60.91918058873694,1495.252104827604
4339,PR,Hatillo,13342246.34,2.5,33355615.85,39540.0,11252.0,2964.4166237113404,337.4366803237228,1185.7666494845362,22585972.486113213,67.71265320862967,2007.2851480726283
4339,PR,Hormigueros,2728205.5,2.5,6820513.75,16131.0,5116.0,1333.1731333072712,169.12810737090075,533.2692533229085,1899734.5374654974,27.85324694148586,371.33200497761874
4339,PR,Humacao,33225808.9,2.5,83064522.25,53084.0,18852.0,4406.138460110333,625.9100463416472,1762.455384044133,64941921.64977365,78.1825018559878,3444.8292833531536
4339,PR,Isabela,13270539.68,2.5,33176349.2,43711.0,12659.0,2620.771719725097,303.5972565258173,1048.3086878900388,20969504.42001734,63.206184301970566,1656.4898033033683
4339,PR,Jayuya,9441924.42,2.5,23604811.05,15334.0,4927.0,4790.909488532576,615.750907786618,1916.3637954130302,18852695.055038065,79.86801934192167,3826.404516955158
4339,PR,Juana Diaz,22562633.5,2.5,56406583.75,47816.0,15697.0,3593.462683952348,471.8636753387987,1437.385073580939,41360244.37194089,73.32520713407128,2634.9139562936157
4339,PR,Juncos,17119171.23,2.5,42797928.075,38064.0,13116.0,3263.032027676121,449.7470373581337,1305.2128110704484,30174658.573772572,70.50495183059763,2300.5991593300223
4339,PR,Lajas,4620305.5600000005,2.5,11550763.900000002,24005.0,7558.0,1528.2831304577933,192.4726332014164,611.3132521831172,4311069.707323141,37.322810375538374,570.3982147821039
4339,PR,Lares,8528760.73,2.5,21321901.825000003,28822.0,8351.0,2553.215402347025,295.9114818541392,1021.2861609388098,13317472.419015635,62.45912080601015,1594.7158925895862
4339,PR,Las Marias,3779035.68,2.5,9447589.2,9181.0,2869.0,3292.990310212618,411.6148219148241,1317.1961240850471,6688883.924466619,70.79990231229168,2331.433922783764
4339,PR,Las Piedras,15615274.81,2.5,39038187.025,36239.0,11983.0,3257.7974651589752,430.896956593725,1303.1189860635902,27523854.957514867,70.50495183059763,2296.908533548766
4339,PR,Loiza,13162541.6,2.5,32906354.0,25441.0,7625.0,4315.5874098360655,517.3751660705161,1726.234963934426,25581241.079673424,77.73951826955191,3354.91686290799
4339,PR,Luquillo,5309352.449999999,2.5,13273381.124999998,18432.0,6075.0,2184.918703703704,288.05080566406247,873.9674814814814,7421130.852286392,55.9098754296215,1221.5853254792414
4339,PR,Manati,16515138.04,2.5,41287845.1,40805.0,13648.0,3025.1938086166465,404.7331954417351,1210.0775234466587,28222377.289508626,68.355171409778,2067.8764133579007
4339,PR,Maricao,2767756.95,2.5,6919392.375,5156.0,1670.0,4143.348727544911,536.80313227308,1657.3394910179643,5315919.052749896,76.82638539124466,3183.185061526884
4339,PR,Maunabo,8787536.61,2.5,21968841.525,11050.0,3697.0,5942.342852312686,795.2521819004525,2376.9371409250743,18423419.47274468,83.86158847647603,4983.343108667753
4339,PR,Mayaguez,18482218.93,2.5,46205547.325,77177.0,24702.0,1870.5184732005507,239.47832812884667,748.2073892802202,22518685.53930823,48.73589177705565,911.613858768854
4339,PR,Moca,13664432.89,2.5,34161082.225,38302.0,11159.0,3061.3031835289903,356.755075191896,1224.521273411596,23458968.469480585,68.67161969568014,2102.246479924777
4339,PR,Morovis,22956501.820000004,2.5,57391254.55000001,29862.0,9802.0,5855.055554988779,768.7529910923583,2342.0222219955117,47941160.84752865,83.5339133521845,4890.957034026592
4339,PR,Naguabo,15012565.840000002,2.5,37531414.6,24369.0,8155.0,4602.258074800736,616.0517805408512,1840.9032299202945,29665655.16594281,79.04219833467937,3637.725955357794
4339,PR,Naranjito,23388755.78,2.5,58471889.45,29656.0,9647.0,6061.147449984452,788.6685925276504,2424.4589799937808,49223240.34446493,84.18274286579417,5102.440172537051
4339,PR,Orocovis,19465545.31,2.5,48663863.275,22005.0,7799.0,6239.756798948583,884.5964694387638,2495.902719579433,41195192.05169693,84.6525312199372,5282.112072278103
4339,PR,Patillas,11563580.52,2.5,28908951.3,16912.0,6012.0,4808.541467065867,683.7500307473982,1923.4165868263472,23147206.26067242,80.0693391485025,3850.1673753613472
4339,PR,Penuelas,8299323.39,2.5,20748308.475,21476.0,6390.0,3246.9966314553985,386.4464234494319,1298.7986525821595,14628584.895962555,70.50495183059762,2289.2934109487564
4339,PR,Ponce,51486265.17,2.5,128715662.925,145596.0,49843.0,2582.4220637802705,353.6241735349872,1032.968825512108,80877881.31780674,62.83452959795004,1622.6527560100062
4339,PR,Quebradillas,5839452.2,2.5,14598630.5,24271.0,7884.0,1851.6781456113647,240.593803304355,740.6712582445459,7039178.23880024,48.21807250207641,892.8435107559918
4339,PR,Rincon,4566812.16,2.5,11417030.4,15242.0,4660.0,2450.0065236051505,299.6202703057341,980.0026094420601,6955161.367246993,60.91918058873692,1492.5238985508568
4339,PR,Rio Grande,18980241.65,2.5,47450604.125,49084.0,15927.0,2979.255611540152,386.68897502241055,1191.7022446160606,32130063.01656099,67.7126532086297,2017.3330204408232
4339,PR,Sabana Grande,2679801.14,2.5,6699502.850000001,23498.0,7697.0,870.4044238014811,114.04379691888673,348.16176952059243,669950.2850000001,10.000000000000002,87.04044238014814
4339,PR,Salinas,23293806.34,2.5,58234515.85,27375.0,10039.0,5800.828354417771,850.9153000913242,2320.3313417671084,48548711.97242742,83.3675892446308,4836.010755297083
4339,PR,San German,4814669.09,2.5,12036672.725,32917.0,10272.0,1171.7944631035823,146.26694686636085,468.71778524143303,2140535.4020569264,17.78344772647232,208.3854558077226
4339,PR,San Juan,66487408.11,2.5,166218520.275,356296.0,121921.0,1363.3296993545,186.6072257617262,545.3318797418,48683688.09534987,29.288967327350292,399.3051902080025
4339,PR,San Lorenzo,13057623.22,2.5,32644058.05,38697.0,11941.0,2733.779252156436,337.4324423081893,1093.5117008625743,21221721.738530643,65.00944737331957,1777.2147842333677
4339,PR,San Sebastian,11572367.12,2.5,28930917.8,40267.0,11709.0,2470.827380647365,287.3908441155288,988.330952258946,17737542.457955427,61.30998878284956,1514.8639899184752
4339,PR,Santa Isabel,11226149.26,2.5,28065373.15,21161.0,7578.0,3703.533010029031,530.5112830206511,1481.4132040116126,20801345.972165596,74.11747515698218,2744.9651586389014
4339,PR,Toa Alta,28308780.51,2.5,70771951.275,69211.0,20926.0,3382.0104785912267,409.02140570140585,1352.8041914364906,50720257.75624318,71.66717441371433,2423.791348382069
4339,PR,Toa Baja,54120679.97,2.5,135301699.925,79330.0,27574.0,4906.857906905056,682.2221097945292,1962.7431627620222,108871810.7931108,80.46595929944728,3948.350286251933
4339,PR,Trujillo Alto,16459054.44,2.5,41147636.1,69817.0,20787.0,1979.4889161495169,235.7456556426085,791.7955664598065,21087481.751983535,51.24834316298315,1014.45527262152
4339,PR,Utuado,18793577.84,2.5,46983944.6,29601.0,10051.0,4674.554233409611,634.896721056721,1869.8216933638444,37333094.034471765,79.4592585878193,3714.366136152797
4339,PR,Vega Alta,18678170.83,2.5,46695427.075,36691.0,10823.0,4314.462448027349,509.0668237442424,1725.7849792109396,36300800.06201487,77.73951826955181,3354.0423230171737
4339,PR,Vega Baja,27440084.83,2.5,68600212.07499999,55857.0,18829.0,3643.3274244516433,491.2559720357341,1457.3309697806574,50484237.24317183,73.59195506273053,2681.195880990591
4339,PR,Vieques,8149901.729999999,2.5,20374754.325,8577.0,2672.0,7625.282307260477,950.2042357467644,3050.1129229041912,17817151.921678644,87.44719881022979,6668.095779071348
4339,PR,Villalba,10934117.14,2.5,27335292.85,23139.0,7704.0,3548.194814382139,472.5406084964778,1419.2779257528557,19970007.24693683,73.05576478189013,2592.1608575982386
4339,PR,Yabucoa,24793905.88,2.5,61984764.7,32375.0,10878.0,5698.17656738371,765.8349306563706,2279.270626953484,51571067.05287569,83.1995850955867,4740.8592620771915
4339,PR,Yauco,9079711.69,2.5,22699279.225,36307.0,13226.0,1716.261849765613,250.0815735257664,686.5047399062453,9961059.886737633,43.882714459791984,753.1422869149882
4340,VI,St. Croix,33114566.38,1.4285714285714286,47306523.4,50601.0,16926.0,2794.902717712395,654.4251374478765,1956.4319023986766,31083110.431796093,65.70575937059051,1836.412054342201
4340,VI,St. John,3301790.76,1.4285714285714286,4716843.942857143,4170.0,578.0,8160.629658922392,791.796345323741,5712.440761245674,4159397.272230521,88.18178686045401,7196.189052301939
4340,VI,St. Thomas,7662394.41,1.4285714285714286,10946277.72857143,51634.0,5183.0,2111.9578870483174,148.39823391563698,1478.370520933822,5972318.684661523,54.5602700091637,1152.2899256533906
